activity,videos,frames,detected_frames,missing_frames,pooled_pose_availability,mean_video_pose_availability,mean_video_missing_fraction,mean_video_longest_missing_run_ms,mean_video_missing_run_count,zero_detected_pose_videos
Fall backwards,6,1066,1055,11,0.9896810506566605,0.9905332809224318,0.009466719077568134,83.33333333333333,0.5,0
Fall forward,6,887,502,385,0.5659526493799324,0.5573057322925891,0.442694267707411,2800.0,2.5,1
Fall left,6,937,679,258,0.7246531483457844,0.785184173557622,0.2148158264423781,1308.3333333333333,9.666666666666666,0
Fall right,6,1048,840,208,0.8015267175572519,0.8442941414672052,0.15570585853279487,1366.6666666666667,0.8333333333333334,0
Fall sitting,6,1189,1149,40,0.9663582842724979,0.9703558010759351,0.029644198924064807,308.3333333333333,1.3333333333333333,0
Hop,6,1037,975,62,0.940212150433944,0.9357897756878902,0.06421022431210983,291.6666666666667,1.5,0
Kneel,6,1256,1059,197,0.8431528662420382,0.8558514959354895,0.14414850406451052,1141.6666666666667,4.166666666666667,0
Pick up object,6,1134,1007,127,0.8880070546737213,0.8758948042648981,0.12410519573510204,666.6666666666666,3.5,0
Sit down,6,1209,1096,113,0.9065343258891646,0.9203817506182693,0.07961824938173057,600.0,2.3333333333333335,0
Walk,6,1352,1173,179,0.867603550295858,0.8597212837805236,0.14027871621947627,1266.6666666666667,2.1666666666666665,0
