landmark_index,count,mean,std_population,min,max,p5,p10,p25,p50,p75,p90,p95,p99
0,9535,0.9929746037199664,0.019901359503964617,0.7503558397293091,0.9999804496765137,0.9726813316345215,0.9883067846298218,0.9950420260429382,0.9980954527854919,0.9992646276950836,0.9996681094169617,0.9997871696949006,0.9999366974830628
1,9535,0.9919597307736797,0.02280519725684004,0.7425751090049744,0.9999778866767883,0.9697625935077667,0.9859069943428039,0.9943244755268097,0.9978780746459961,0.9991047382354736,0.9996229767799377,0.9997730851173401,0.9999119627475739
2,9535,0.9919988816610855,0.02256269665225157,0.7358112931251526,0.9999670386314392,0.9710230350494384,0.985640823841095,0.9944697618484497,0.9979448914527893,0.9991284310817719,0.9996138930320739,0.9997608661651611,0.9999093580245971
3,9535,0.9924620471265719,0.02256503673235696,0.7458934783935547,0.9999730587005615,0.9730741679668427,0.9871431350708008,0.9949943721294403,0.9980701804161072,0.9992092847824097,0.9996584177017211,0.9997871041297912,0.999925549030304
4,9535,0.9911443566175799,0.02364430532669288,0.7333565354347229,0.9999632239341736,0.9683497250080109,0.9822998166084289,0.9932321012020111,0.9973028302192688,0.998879462480545,0.9995229601860046,0.9996715962886811,0.9998760986328125
5,9535,0.9906063079333893,0.024023623518370885,0.7264385223388672,0.9999613165855408,0.9658405780792236,0.9805960178375244,0.9925643801689148,0.9971001148223877,0.9987978339195251,0.9994680047035217,0.9996284723281861,0.9998684692382812
6,9535,0.99092870825676,0.024080393398447173,0.728310227394104,0.9999721646308899,0.9665092289447784,0.9820775508880615,0.9930097758769989,0.9972860217094421,0.998862236738205,0.9995248556137085,0.9996873438358307,0.9998907208442688
7,9535,0.9913290757687854,0.02366723713928632,0.7445567846298218,0.9999746680259705,0.9683660745620728,0.9834893345832825,0.9936151206493378,0.9977712035179138,0.9991602897644043,0.9996157169342041,0.9997819721698761,0.9999332201480865
8,9535,0.9884125910570438,0.024993067929867396,0.7344520688056946,0.9999700784683228,0.9506998717784881,0.9732743978500367,0.9900229871273041,0.9962970018386841,0.9986733198165894,0.9994552612304688,0.9996296525001526,0.9998866689205169
9,9535,0.9923511436239362,0.020974992758940093,0.7712458968162537,0.9999921321868896,0.970416682958603,0.9857368230819702,0.9947133660316467,0.9980073571205139,0.9994020164012909,0.9997772097587585,0.9998691976070404,0.9999731576442719
10,9535,0.9911943903191901,0.022051609398301364,0.7536576390266418,0.9999892115592957,0.9662883818149567,0.9825393557548523,0.9932667911052704,0.9973485469818115,0.9991308152675629,0.9996570825576783,0.9998067021369934,0.9999420952796936
11,9535,0.99900395942722,0.0022193689163026893,0.9659114480018616,0.9999993443489075,0.9952651858329773,0.9970864176750183,0.9991908073425293,0.9997827410697937,0.999950110912323,0.9999826550483704,0.9999903440475464,0.9999971985816956
12,9535,0.998724789461917,0.0019306559051221481,0.9827436208724976,0.9999963045120239,0.9952494442462921,0.9966041207313537,0.9985198974609375,0.9994238615036011,0.9997858703136444,0.9999285459518432,0.9999687850475312,0.9999910390377045
13,9535,0.7859334465723795,0.2709358114535783,0.026323992758989334,0.9992853403091431,0.16779830753803254,0.2646953105926515,0.6670911610126495,0.9207378029823303,0.9820007681846619,0.9930813670158386,0.9957648158073426,0.9981585443019867
14,9535,0.5367457862550761,0.33210473600006496,0.019967831671237946,0.9958975315093994,0.0522967778146267,0.08631332367658616,0.19723915308713913,0.5744779706001282,0.8647045195102692,0.9550137758255005,0.9755608201026916,0.9864321112632751
15,9535,0.6833582862858052,0.2896905810768669,0.018104514107108116,0.997553825378418,0.122306789457798,0.20053896307945251,0.4795576483011246,0.7856924533843994,0.9398859739303589,0.9736096143722535,0.9829403042793274,0.9947861015796662
16,9535,0.5105954832791516,0.3165659587264797,0.019107472151517868,0.9945683479309082,0.048848874121904376,0.07045720219612123,0.19600223004817963,0.5366144776344299,0.8103834390640259,0.923178231716156,0.9615763306617737,0.9825514900684357
17,9535,0.654467691291821,0.27767042442729767,0.02082238346338272,0.99540114402771,0.13184802830219272,0.21920536160469056,0.44342976808547974,0.7241159677505493,0.9057954847812653,0.9521353363990783,0.967477148771286,0.9873861098289489
18,9535,0.49312752471679033,0.2943151399809201,0.02311873994767666,0.992649495601654,0.06318718641996383,0.08656793683767319,0.21428067237138748,0.50864577293396,0.7564702928066254,0.8877964854240418,0.9306926369667051,0.9761704277992247
19,9535,0.656772750100745,0.27805006037405405,0.020233793184161186,0.9956372976303101,0.13404015749692916,0.21914016902446748,0.4446190744638443,0.7305826544761658,0.909282773733139,0.952997350692749,0.968205189704895,0.9875944280624389
20,9535,0.4989022825763028,0.29475519812930884,0.02338934689760208,0.9924126267433167,0.06402389854192735,0.08850908577442171,0.22212661802768707,0.5129768252372742,0.7654947340488434,0.8916770696640015,0.9318273305892943,0.9759876406192779
21,9535,0.6292299670949149,0.2710860422115182,0.023244554176926613,0.9942429065704346,0.1299268290400505,0.20465342104434966,0.41700755059719086,0.6920197606086731,0.8738140165805817,0.9285556077957153,0.9485239923000336,0.9773531579971313
22,9535,0.48857761192724974,0.2850766092472869,0.026192156597971916,0.987808108329773,0.06686508655548096,0.09304154068231582,0.22145181149244308,0.49725428223609924,0.7488122582435608,0.867195987701416,0.9089097619056702,0.9668402469158172
23,9535,0.9989598288983653,0.002938617878763714,0.9312147498130798,0.9999934434890747,0.9954301118850708,0.997522497177124,0.9991742372512817,0.9996399283409119,0.9998553693294525,0.9999518990516663,0.9999719262123108,0.9999843239784241
24,9535,0.998640079465785,0.002248675429281766,0.9731113314628601,0.9999890327453613,0.9949143946170806,0.9966458201408386,0.9985750913619995,0.9993942379951477,0.9997428059577942,0.9998953938484192,0.9999439239501953,0.9999777662754059
25,9535,0.8033029422550753,0.2249747488996046,0.04461126774549484,0.9988903403282166,0.2970771938562393,0.42246262431144715,0.711996465921402,0.905572772026062,0.9667511582374573,0.9883373856544495,0.9929352045059204,0.9972504544258117
26,9535,0.6491589002791787,0.2663100040905977,0.026207933202385902,0.9970276355743408,0.15280265510082247,0.2521309316158295,0.4357866793870926,0.7130336761474609,0.8882315456867218,0.9544916152954102,0.9744301736354828,0.98920858502388
27,9535,0.7594131649911842,0.2588454369162245,0.05200358107686043,0.9987396597862244,0.18007839918136598,0.309163635969162,0.6293397545814514,0.8729989528656006,0.9616227447986603,0.985045063495636,0.9904082655906677,0.9950949954986572
28,9535,0.6543191659806846,0.28525883495893456,0.03973717987537384,0.9972791075706482,0.11780859902501106,0.19339164197444916,0.4269212633371353,0.7463642954826355,0.9118143618106842,0.9581001281738282,0.9750885248184203,0.9906497752666473
29,9535,0.7402570442045053,0.23204398226003453,0.06981337070465088,0.9953152537345886,0.2353190883994103,0.34749774932861327,0.6307354867458344,0.8181366324424744,0.9195158779621124,0.9690200448036194,0.9802725732326507,0.9903788805007935
30,9535,0.6589980140238547,0.2543910575984269,0.05991479009389877,0.9946473240852356,0.16878098696470262,0.24978398084640505,0.4676572382450104,0.73430997133255,0.8726376593112946,0.9375822067260742,0.9563292980194091,0.9882632458209991
31,9535,0.7536413679838055,0.23090157212807524,0.08683311194181442,0.9980388879776001,0.25355890691280364,0.37909058928489686,0.636650949716568,0.832815408706665,0.9401170909404755,0.9774410367012024,0.9845060169696808,0.99290536403656
32,9535,0.6603207969367035,0.25253070218278967,0.06844282895326614,0.9927041530609131,0.17157458662986755,0.2537421762943268,0.47427666187286377,0.7308734655380249,0.8699219226837158,0.9455084562301637,0.9669007062911987,0.9846270573139191
