subject_id,source_video,video_label,split,start_frame,end_frame,frames,duration_ms,start_ms,end_exclusive_ms,start_progress,end_progress
1,Subject.1/Fall forward/FallForwardS1.avi,fall,train,0,91,92,4600,0,4600,0.0,0.4842105263157895
1,Subject.1/Fall forward/FallForwardS1.avi,fall,train,133,133,1,50,6650,6700,0.7,0.7052631578947368
1,Subject.1/Fall forward/FallForwardS1.avi,fall,train,136,138,3,150,6800,6950,0.7157894736842105,0.7315789473684211
1,Subject.1/Fall right/FallRightS1.avi,fall,train,43,45,3,150,2150,2300,0.37719298245614036,0.40350877192982454
1,Subject.1/Fall right/FallRightS1.avi,fall,train,54,54,1,50,2700,2750,0.47368421052631576,0.4824561403508772
1,Subject.1/Fall sitting/FallSittingS1.avi,fall,train,80,80,1,50,4000,4050,0.43956043956043955,0.44505494505494503
1,Subject.1/Fall sitting/FallSittingS1.avi,fall,train,82,82,1,50,4100,4150,0.45054945054945056,0.45604395604395603
1,Subject.1/Pick up object/PickupobjectS1.avi,non_fall,train,0,21,22,1100,0,1100,0.0,0.18803418803418803
1,Subject.1/Pick up object/PickupobjectS1.avi,non_fall,train,52,59,8,400,2600,3000,0.4444444444444444,0.5128205128205128
1,Subject.1/Walk/WalkS1.avi,non_fall,train,0,16,17,850,0,850,0.0,0.07024793388429752
1,Subject.1/Walk/WalkS1.avi,non_fall,train,18,28,11,550,900,1450,0.0743801652892562,0.11983471074380166
2,Subject.2/Fall forward/FallForwardS2.avi,fall,train,0,21,22,1100,0,1100,0.0,0.20754716981132076
2,Subject.2/Fall forward/FallForwardS2.avi,fall,train,25,25,1,50,1250,1300,0.2358490566037736,0.24528301886792453
2,Subject.2/Fall sitting/FallSittingS2.avi,fall,train,74,74,1,50,3700,3750,0.4713375796178344,0.47770700636942676
2,Subject.2/Pick up object/PickupobjectS2.avi,non_fall,train,0,8,9,450,0,450,0.0,0.05421686746987952
2,Subject.2/Pick up object/PickupobjectS2.avi,non_fall,train,141,141,1,50,7050,7100,0.8493975903614458,0.8554216867469879
2,Subject.2/Walk/WalkS2.avi,non_fall,train,0,19,20,1000,0,1000,0.0,0.08196721311475409
2,Subject.2/Walk/WalkS2.avi,non_fall,train,21,27,7,350,1050,1400,0.0860655737704918,0.11475409836065574
2,Subject.2/Walk/WalkS2.avi,non_fall,train,29,29,1,50,1450,1500,0.11885245901639344,0.12295081967213115
2,Subject.2/Walk/WalkS2.avi,non_fall,train,31,32,2,100,1550,1650,0.12704918032786885,0.13524590163934427
2,Subject.2/Walk/WalkS2.avi,non_fall,train,35,36,2,100,1750,1850,0.14344262295081966,0.15163934426229508
2,Subject.2/Walk/WalkS2.avi,non_fall,train,38,38,1,50,1900,1950,0.1557377049180328,0.1598360655737705
2,Subject.2/Walk/WalkS2.avi,non_fall,train,40,41,2,100,2000,2100,0.16393442622950818,0.1721311475409836
3,Subject.3/Fall forward/FallForwardS3.avi,fall,train,0,66,67,3350,0,3350,0.0,0.43790849673202614
3,Subject.3/Fall forward/FallForwardS3.avi,fall,train,84,91,8,400,4200,4600,0.5490196078431373,0.6013071895424836
3,Subject.3/Fall forward/FallForwardS3.avi,fall,train,97,115,19,950,4850,5800,0.6339869281045751,0.7581699346405228
3,Subject.3/Fall forward/FallForwardS3.avi,fall,train,119,128,10,500,5950,6450,0.7777777777777778,0.8431372549019608
3,Subject.3/Fall left/FallLeftS3.avi,fall,train,0,3,4,200,0,200,0.0,0.023391812865497075
3,Subject.3/Fall left/FallLeftS3.avi,fall,train,5,5,1,50,250,300,0.029239766081871343,0.03508771929824561
3,Subject.3/Fall left/FallLeftS3.avi,fall,train,7,8,2,100,350,450,0.04093567251461988,0.05263157894736842
3,Subject.3/Fall left/FallLeftS3.avi,fall,train,78,78,1,50,3900,3950,0.45614035087719296,0.4619883040935672
3,Subject.3/Fall left/FallLeftS3.avi,fall,train,83,83,1,50,4150,4200,0.4853801169590643,0.49122807017543857
3,Subject.3/Fall left/FallLeftS3.avi,fall,train,101,103,3,150,5050,5200,0.5906432748538012,0.6081871345029239
3,Subject.3/Fall left/FallLeftS3.avi,fall,train,105,116,12,600,5250,5850,0.6140350877192983,0.6842105263157895
3,Subject.3/Fall sitting/FallSittingS3.avi,fall,train,0,0,1,50,0,50,0.0,0.0049504950495049506
3,Subject.3/Fall sitting/FallSittingS3.avi,fall,train,139,140,2,100,6950,7050,0.6881188118811881,0.698019801980198
3,Subject.3/Hop/HopS3.avi,non_fall,train,0,13,14,700,0,700,0.0,0.08641975308641975
3,Subject.3/Hop/HopS3.avi,non_fall,train,20,20,1,50,1000,1050,0.12345679012345678,0.12962962962962962
3,Subject.3/Hop/HopS3.avi,non_fall,train,25,36,12,600,1250,1850,0.15432098765432098,0.22839506172839505
3,Subject.3/Hop/HopS3.avi,non_fall,train,38,46,9,450,1900,2350,0.2345679012345679,0.29012345679012347
3,Subject.3/Hop/HopS3.avi,non_fall,train,49,52,4,200,2450,2650,0.30246913580246915,0.3271604938271605
3,Subject.3/Hop/HopS3.avi,non_fall,train,55,55,1,50,2750,2800,0.3395061728395062,0.345679012345679
3,Subject.3/Kneel/KneelS3.avi,non_fall,train,0,4,5,250,0,250,0.0,0.023474178403755867
3,Subject.3/Kneel/KneelS3.avi,non_fall,train,6,7,2,100,300,400,0.028169014084507043,0.03755868544600939
3,Subject.3/Kneel/KneelS3.avi,non_fall,train,31,31,1,50,1550,1600,0.14553990610328638,0.15023474178403756
3,Subject.3/Kneel/KneelS3.avi,non_fall,train,38,39,2,100,1900,2000,0.1784037558685446,0.18779342723004694
3,Subject.3/Kneel/KneelS3.avi,non_fall,train,43,44,2,100,2150,2250,0.20187793427230047,0.2112676056338028
3,Subject.3/Kneel/KneelS3.avi,non_fall,train,47,54,8,400,2350,2750,0.22065727699530516,0.25821596244131456
3,Subject.3/Kneel/KneelS3.avi,non_fall,train,56,56,1,50,2800,2850,0.26291079812206575,0.2676056338028169
3,Subject.3/Kneel/KneelS3.avi,non_fall,train,61,68,8,400,3050,3450,0.2863849765258216,0.323943661971831
3,Subject.3/Kneel/KneelS3.avi,non_fall,train,93,95,3,150,4650,4800,0.43661971830985913,0.4507042253521127
3,Subject.3/Kneel/KneelS3.avi,non_fall,train,98,155,58,2900,4900,7800,0.460093896713615,0.7323943661971831
3,Subject.3/Kneel/KneelS3.avi,non_fall,train,157,159,3,150,7850,8000,0.7370892018779343,0.7511737089201878
3,Subject.3/Kneel/KneelS3.avi,non_fall,train,174,174,1,50,8700,8750,0.8169014084507042,0.8215962441314554
3,Subject.3/Kneel/KneelS3.avi,non_fall,train,177,181,5,250,8850,9100,0.8309859154929577,0.8544600938967136
3,Subject.3/Kneel/KneelS3.avi,non_fall,train,184,184,1,50,9200,9250,0.863849765258216,0.8685446009389671
3,Subject.3/Kneel/KneelS3.avi,non_fall,train,187,187,1,50,9350,9400,0.8779342723004695,0.8826291079812206
3,Subject.3/Kneel/KneelS3.avi,non_fall,train,191,191,1,50,9550,9600,0.8967136150234741,0.9014084507042254
3,Subject.3/Kneel/KneelS3.avi,non_fall,train,197,199,3,150,9850,10000,0.9248826291079812,0.9389671361502347
3,Subject.3/Kneel/KneelS3.avi,non_fall,train,208,211,4,200,10400,10600,0.9765258215962441,0.9953051643192489
3,Subject.3/Pick up object/PickupobjectS3.avi,non_fall,train,0,4,5,250,0,250,0.0,0.026881720430107527
3,Subject.3/Pick up object/PickupobjectS3.avi,non_fall,train,6,6,1,50,300,350,0.03225806451612903,0.03763440860215054
3,Subject.3/Pick up object/PickupobjectS3.avi,non_fall,train,12,16,5,250,600,850,0.06451612903225806,0.0913978494623656
3,Subject.3/Pick up object/PickupobjectS3.avi,non_fall,train,19,19,1,50,950,1000,0.10215053763440861,0.10752688172043011
3,Subject.3/Pick up object/PickupobjectS3.avi,non_fall,train,21,21,1,50,1050,1100,0.11290322580645161,0.11827956989247312
3,Subject.3/Pick up object/PickupobjectS3.avi,non_fall,train,23,23,1,50,1150,1200,0.12365591397849462,0.12903225806451613
3,Subject.3/Pick up object/PickupobjectS3.avi,non_fall,train,25,25,1,50,1250,1300,0.13440860215053763,0.13978494623655913
3,Subject.3/Pick up object/PickupobjectS3.avi,non_fall,train,60,60,1,50,3000,3050,0.3225806451612903,0.3279569892473118
3,Subject.3/Pick up object/PickupobjectS3.avi,non_fall,train,62,74,13,650,3100,3750,0.3333333333333333,0.4032258064516129
3,Subject.3/Pick up object/PickupobjectS3.avi,non_fall,train,92,93,2,100,4600,4700,0.4946236559139785,0.5053763440860215
3,Subject.3/Pick up object/PickupobjectS3.avi,non_fall,train,95,112,18,900,4750,5650,0.510752688172043,0.6075268817204301
3,Subject.3/Pick up object/PickupobjectS3.avi,non_fall,train,114,118,5,250,5700,5950,0.6129032258064516,0.6397849462365591
3,Subject.3/Sit down/SitDownS3.avi,non_fall,train,0,20,21,1050,0,1050,0.0,0.08045977011494253
3,Subject.3/Sit down/SitDownS3.avi,non_fall,train,23,26,4,200,1150,1350,0.08812260536398467,0.10344827586206896
3,Subject.3/Sit down/SitDownS3.avi,non_fall,train,30,30,1,50,1500,1550,0.11494252873563218,0.11877394636015326
3,Subject.3/Sit down/SitDownS3.avi,non_fall,train,37,37,1,50,1850,1900,0.1417624521072797,0.14559386973180077
3,Subject.3/Sit down/SitDownS3.avi,non_fall,train,156,156,1,50,7800,7850,0.5977011494252874,0.6015325670498084
3,Subject.3/Sit down/SitDownS3.avi,non_fall,train,159,169,11,550,7950,8500,0.6091954022988506,0.6513409961685823
3,Subject.3/Sit down/SitDownS3.avi,non_fall,train,171,171,1,50,8550,8600,0.6551724137931034,0.6590038314176245
3,Subject.3/Sit down/SitDownS3.avi,non_fall,train,173,177,5,250,8650,8900,0.6628352490421456,0.6819923371647509
3,Subject.3/Walk/WalkS3.avi,non_fall,train,0,61,62,3100,0,3100,0.0,0.3522727272727273
3,Subject.3/Walk/WalkS3.avi,non_fall,train,70,70,1,50,3500,3550,0.3977272727272727,0.4034090909090909
4,Subject.4/Fall backwards/FallBackwardsS4.avi,fall,train,70,78,9,450,3500,3950,0.3645833333333333,0.4114583333333333
4,Subject.4/Fall backwards/FallBackwardsS4.avi,fall,train,165,165,1,50,8250,8300,0.859375,0.8645833333333334
4,Subject.4/Fall forward/FallForwardS4.avi,fall,train,0,13,14,700,0,700,0.0,0.08333333333333333
4,Subject.4/Fall forward/FallForwardS4.avi,fall,train,15,18,4,200,750,950,0.08928571428571429,0.1130952380952381
4,Subject.4/Fall forward/FallForwardS4.avi,fall,train,27,28,2,100,1350,1450,0.16071428571428573,0.17261904761904762
4,Subject.4/Fall left/FallLeftS4.avi,fall,train,0,0,1,50,0,50,0.0,0.006172839506172839
4,Subject.4/Fall left/FallLeftS4.avi,fall,train,76,76,1,50,3800,3850,0.4691358024691358,0.47530864197530864
4,Subject.4/Hop/HopS4.avi,non_fall,train,0,8,9,450,0,450,0.0,0.0625
4,Subject.4/Pick up object/PickupobjectS4.avi,non_fall,train,82,82,1,50,4100,4150,0.4581005586592179,0.46368715083798884
4,Subject.4/Pick up object/PickupobjectS4.avi,non_fall,train,88,88,1,50,4400,4450,0.49162011173184356,0.4972067039106145
4,Subject.4/Pick up object/PickupobjectS4.avi,non_fall,train,91,92,2,100,4550,4650,0.5083798882681564,0.5195530726256983
4,Subject.4/Walk/WalkS4.avi,non_fall,train,0,17,18,900,0,900,0.0,0.075
8,Subject.8/Fall backwards/FallBackwardsS8.avi,fall,train,0,0,1,50,0,50,0.0,0.0047169811320754715
8,Subject.8/Fall forward/FallForwardS8.avi,fall,train,0,121,122,6100,0,6100,0.0,1.0
8,Subject.8/Fall left/FallLeftS8.avi,fall,train,41,169,129,6450,2050,8500,0.20297029702970298,0.8415841584158416
8,Subject.8/Fall right/FallRightS8.avi,fall,train,0,42,43,2150,0,2150,0.0,0.18777292576419213
8,Subject.8/Fall right/FallRightS8.avi,fall,train,77,228,152,7600,3850,11450,0.33624454148471616,1.0
8,Subject.8/Fall sitting/FallSittingS8.avi,fall,train,0,31,32,1600,0,1600,0.0,0.13675213675213677
8,Subject.8/Fall sitting/FallSittingS8.avi,fall,train,68,68,1,50,3400,3450,0.2905982905982906,0.2948717948717949
8,Subject.8/Hop/HopS8.avi,non_fall,train,0,9,10,500,0,500,0.0,0.060240963855421686
8,Subject.8/Kneel/KneelS8.avi,non_fall,train,0,2,3,150,0,150,0.0,0.01171875
8,Subject.8/Kneel/KneelS8.avi,non_fall,train,119,190,72,3600,5950,9550,0.46484375,0.74609375
8,Subject.8/Pick up object/PickupobjectS8.avi,non_fall,train,0,20,21,1050,0,1050,0.0,0.07894736842105263
8,Subject.8/Sit down/SitDownS8.avi,non_fall,train,0,37,38,1900,0,1900,0.0,0.1792452830188679
9,Subject.9/Fall forward/FallForwardS9.avi,fall,train,0,18,19,950,0,950,0.0,0.12837837837837837
9,Subject.9/Fall forward/FallForwardS9.avi,fall,train,49,49,1,50,2450,2500,0.3310810810810811,0.33783783783783783
9,Subject.9/Fall left/FallLeftS9.avi,fall,train,0,2,3,150,0,150,0.0,0.014492753623188406
9,Subject.9/Fall left/FallLeftS9.avi,fall,train,7,7,1,50,350,400,0.033816425120772944,0.03864734299516908
9,Subject.9/Fall left/FallLeftS9.avi,fall,train,39,41,3,150,1950,2100,0.18840579710144928,0.2028985507246377
9,Subject.9/Fall left/FallLeftS9.avi,fall,train,43,45,3,150,2150,2300,0.20772946859903382,0.2222222222222222
9,Subject.9/Fall left/FallLeftS9.avi,fall,train,47,47,1,50,2350,2400,0.22705314009661837,0.2318840579710145
9,Subject.9/Fall left/FallLeftS9.avi,fall,train,49,63,15,750,2450,3200,0.23671497584541062,0.30917874396135264
9,Subject.9/Fall left/FallLeftS9.avi,fall,train,80,87,8,400,4000,4400,0.3864734299516908,0.4251207729468599
9,Subject.9/Fall left/FallLeftS9.avi,fall,train,89,89,1,50,4450,4500,0.42995169082125606,0.43478260869565216
9,Subject.9/Fall left/FallLeftS9.avi,fall,train,91,92,2,100,4550,4650,0.4396135265700483,0.4492753623188406
9,Subject.9/Fall left/FallLeftS9.avi,fall,train,94,94,1,50,4700,4750,0.45410628019323673,0.45893719806763283
9,Subject.9/Fall left/FallLeftS9.avi,fall,train,97,98,2,100,4850,4950,0.46859903381642515,0.4782608695652174
9,Subject.9/Fall left/FallLeftS9.avi,fall,train,100,100,1,50,5000,5050,0.4830917874396135,0.48792270531400966
9,Subject.9/Fall left/FallLeftS9.avi,fall,train,102,102,1,50,5100,5150,0.4927536231884058,0.4975845410628019
9,Subject.9/Fall left/FallLeftS9.avi,fall,train,104,104,1,50,5200,5250,0.5024154589371981,0.5072463768115942
9,Subject.9/Fall left/FallLeftS9.avi,fall,train,106,106,1,50,5300,5350,0.5120772946859904,0.5169082125603864
9,Subject.9/Fall left/FallLeftS9.avi,fall,train,108,108,1,50,5400,5450,0.5217391304347826,0.5265700483091788
9,Subject.9/Fall left/FallLeftS9.avi,fall,train,110,110,1,50,5500,5550,0.5314009661835749,0.5362318840579711
9,Subject.9/Fall left/FallLeftS9.avi,fall,train,113,113,1,50,5650,5700,0.5458937198067633,0.5507246376811594
9,Subject.9/Fall left/FallLeftS9.avi,fall,train,115,115,1,50,5750,5800,0.5555555555555556,0.5603864734299517
9,Subject.9/Fall left/FallLeftS9.avi,fall,train,117,118,2,100,5850,5950,0.5652173913043478,0.5748792270531401
9,Subject.9/Fall left/FallLeftS9.avi,fall,train,120,120,1,50,6000,6050,0.5797101449275363,0.5845410628019324
9,Subject.9/Fall left/FallLeftS9.avi,fall,train,122,122,1,50,6100,6150,0.5893719806763285,0.5942028985507246
9,Subject.9/Fall left/FallLeftS9.avi,fall,train,124,124,1,50,6200,6250,0.5990338164251208,0.6038647342995169
9,Subject.9/Fall left/FallLeftS9.avi,fall,train,126,126,1,50,6300,6350,0.6086956521739131,0.6135265700483091
9,Subject.9/Fall left/FallLeftS9.avi,fall,train,128,128,1,50,6400,6450,0.6183574879227053,0.6231884057971014
9,Subject.9/Fall left/FallLeftS9.avi,fall,train,130,130,1,50,6500,6550,0.6280193236714976,0.6328502415458938
9,Subject.9/Fall left/FallLeftS9.avi,fall,train,133,135,3,150,6650,6800,0.642512077294686,0.6570048309178744
9,Subject.9/Fall left/FallLeftS9.avi,fall,train,138,138,1,50,6900,6950,0.6666666666666666,0.6714975845410628
9,Subject.9/Fall left/FallLeftS9.avi,fall,train,140,140,1,50,7000,7050,0.6763285024154589,0.6811594202898551
9,Subject.9/Fall left/FallLeftS9.avi,fall,train,142,142,1,50,7100,7150,0.6859903381642513,0.6908212560386473
9,Subject.9/Fall left/FallLeftS9.avi,fall,train,144,144,1,50,7200,7250,0.6956521739130435,0.7004830917874396
9,Subject.9/Fall left/FallLeftS9.avi,fall,train,146,146,1,50,7300,7350,0.7053140096618358,0.7101449275362319
9,Subject.9/Fall left/FallLeftS9.avi,fall,train,148,148,1,50,7400,7450,0.714975845410628,0.7198067632850241
9,Subject.9/Fall left/FallLeftS9.avi,fall,train,150,150,1,50,7500,7550,0.7246376811594203,0.7294685990338164
9,Subject.9/Fall left/FallLeftS9.avi,fall,train,152,152,1,50,7600,7650,0.7342995169082126,0.7391304347826086
9,Subject.9/Fall left/FallLeftS9.avi,fall,train,154,156,3,150,7700,7850,0.7439613526570048,0.7584541062801933
9,Subject.9/Fall left/FallLeftS9.avi,fall,train,158,158,1,50,7900,7950,0.7632850241545893,0.7681159420289855
9,Subject.9/Fall left/FallLeftS9.avi,fall,train,160,167,8,400,8000,8400,0.7729468599033816,0.8115942028985508
9,Subject.9/Fall left/FallLeftS9.avi,fall,train,169,169,1,50,8450,8500,0.8164251207729468,0.821256038647343
9,Subject.9/Fall left/FallLeftS9.avi,fall,train,171,177,7,350,8550,8900,0.8260869565217391,0.8599033816425121
9,Subject.9/Fall left/FallLeftS9.avi,fall,train,180,180,1,50,9000,9050,0.8695652173913043,0.8743961352657005
9,Subject.9/Fall left/FallLeftS9.avi,fall,train,182,183,2,100,9100,9200,0.8792270531400966,0.8888888888888888
9,Subject.9/Fall left/FallLeftS9.avi,fall,train,185,185,1,50,9250,9300,0.893719806763285,0.8985507246376812
9,Subject.9/Fall left/FallLeftS9.avi,fall,train,187,188,2,100,9350,9450,0.9033816425120773,0.9130434782608695
9,Subject.9/Fall left/FallLeftS9.avi,fall,train,190,192,3,150,9500,9650,0.9178743961352657,0.9323671497584541
9,Subject.9/Fall left/FallLeftS9.avi,fall,train,195,199,5,250,9750,10000,0.9420289855072463,0.966183574879227
9,Subject.9/Fall left/FallLeftS9.avi,fall,train,202,202,1,50,10100,10150,0.9758454106280193,0.9806763285024155
9,Subject.9/Fall left/FallLeftS9.avi,fall,train,206,206,1,50,10300,10350,0.9951690821256038,1.0
9,Subject.9/Fall right/FallRightS9.avi,fall,train,0,8,9,450,0,450,0.0,0.047619047619047616
9,Subject.9/Fall sitting/FallSittingS9.avi,fall,train,75,75,1,50,3750,3800,0.3472222222222222,0.35185185185185186
9,Subject.9/Hop/HopS9.avi,non_fall,train,0,1,2,100,0,100,0.0,0.009433962264150943
9,Subject.9/Kneel/KneelS9.avi,non_fall,train,0,2,3,150,0,150,0.0,0.013888888888888888
9,Subject.9/Kneel/KneelS9.avi,non_fall,train,101,101,1,50,5050,5100,0.4675925925925926,0.4722222222222222
9,Subject.9/Kneel/KneelS9.avi,non_fall,train,106,106,1,50,5300,5350,0.49074074074074076,0.49537037037037035
9,Subject.9/Kneel/KneelS9.avi,non_fall,train,109,109,1,50,5450,5500,0.5046296296296297,0.5092592592592593
9,Subject.9/Kneel/KneelS9.avi,non_fall,train,112,118,7,350,5600,5950,0.5185185185185185,0.5509259259259259
9,Subject.9/Pick up object/PickupobjectS9.avi,non_fall,train,0,7,8,400,0,400,0.0,0.03636363636363636
9,Subject.9/Sit down/SitDownS9.avi,non_fall,train,0,2,3,150,0,150,0.0,0.012605042016806723
9,Subject.9/Sit down/SitDownS9.avi,non_fall,train,6,8,3,150,300,450,0.025210084033613446,0.037815126050420166
9,Subject.9/Sit down/SitDownS9.avi,non_fall,train,58,65,8,400,2900,3300,0.24369747899159663,0.2773109243697479
9,Subject.9/Sit down/SitDownS9.avi,non_fall,train,70,72,3,150,3500,3650,0.29411764705882354,0.3067226890756303
9,Subject.9/Sit down/SitDownS9.avi,non_fall,train,74,86,13,650,3700,4350,0.31092436974789917,0.36554621848739494
9,Subject.9/Walk/WalkS9.avi,non_fall,train,0,34,35,1750,0,1750,0.0,0.14957264957264957
