subject_id,source_video,video_label,split,start_frame,end_frame,frames,duration_ms,start_ms,end_exclusive_ms,start_progress,end_progress,topology,missing_frame_count,first_missing_timestamp_ms,last_missing_timestamp_ms,missing_support_ms,left_observed_timestamp_ms,right_observed_timestamp_ms,anchor_gap_ms
1,Subject.1/Fall forward/FallForwardS1.avi,fall,train,0,91,92,4600,0,4600,0.0,0.4842105263157895,leading,92,0,4550,4600,,,
1,Subject.1/Fall forward/FallForwardS1.avi,fall,train,133,133,1,50,6650,6700,0.7,0.7052631578947368,internal,1,6650,6650,50,6600,6700,100
1,Subject.1/Fall forward/FallForwardS1.avi,fall,train,136,138,3,150,6800,6950,0.7157894736842105,0.7315789473684211,internal,3,6800,6900,150,6750,6950,200
1,Subject.1/Fall right/FallRightS1.avi,fall,train,43,45,3,150,2150,2300,0.37719298245614036,0.40350877192982454,internal,3,2150,2250,150,2100,2300,200
1,Subject.1/Fall right/FallRightS1.avi,fall,train,54,54,1,50,2700,2750,0.47368421052631576,0.4824561403508772,internal,1,2700,2700,50,2650,2750,100
1,Subject.1/Fall sitting/FallSittingS1.avi,fall,train,80,80,1,50,4000,4050,0.43956043956043955,0.44505494505494503,internal,1,4000,4000,50,3950,4050,100
1,Subject.1/Fall sitting/FallSittingS1.avi,fall,train,82,82,1,50,4100,4150,0.45054945054945056,0.45604395604395603,internal,1,4100,4100,50,4050,4150,100
1,Subject.1/Pick up object/PickupobjectS1.avi,non_fall,train,0,21,22,1100,0,1100,0.0,0.18803418803418803,leading,22,0,1050,1100,,,
1,Subject.1/Pick up object/PickupobjectS1.avi,non_fall,train,52,59,8,400,2600,3000,0.4444444444444444,0.5128205128205128,internal,8,2600,2950,400,2550,3000,450
1,Subject.1/Walk/WalkS1.avi,non_fall,train,0,16,17,850,0,850,0.0,0.07024793388429752,leading,17,0,800,850,,,
1,Subject.1/Walk/WalkS1.avi,non_fall,train,18,28,11,550,900,1450,0.0743801652892562,0.11983471074380166,internal,11,900,1400,550,850,1450,600
2,Subject.2/Fall forward/FallForwardS2.avi,fall,train,0,21,22,1100,0,1100,0.0,0.20754716981132076,leading,22,0,1050,1100,,,
2,Subject.2/Fall forward/FallForwardS2.avi,fall,train,25,25,1,50,1250,1300,0.2358490566037736,0.24528301886792453,internal,1,1250,1250,50,1200,1300,100
2,Subject.2/Fall sitting/FallSittingS2.avi,fall,train,74,74,1,50,3700,3750,0.4713375796178344,0.47770700636942676,internal,1,3700,3700,50,3650,3750,100
2,Subject.2/Pick up object/PickupobjectS2.avi,non_fall,train,0,8,9,450,0,450,0.0,0.05421686746987952,leading,9,0,400,450,,,
2,Subject.2/Pick up object/PickupobjectS2.avi,non_fall,train,141,141,1,50,7050,7100,0.8493975903614458,0.8554216867469879,internal,1,7050,7050,50,7000,7100,100
2,Subject.2/Walk/WalkS2.avi,non_fall,train,0,19,20,1000,0,1000,0.0,0.08196721311475409,leading,20,0,950,1000,,,
2,Subject.2/Walk/WalkS2.avi,non_fall,train,21,27,7,350,1050,1400,0.0860655737704918,0.11475409836065574,internal,7,1050,1350,350,1000,1400,400
2,Subject.2/Walk/WalkS2.avi,non_fall,train,29,29,1,50,1450,1500,0.11885245901639344,0.12295081967213115,internal,1,1450,1450,50,1400,1500,100
2,Subject.2/Walk/WalkS2.avi,non_fall,train,31,32,2,100,1550,1650,0.12704918032786885,0.13524590163934427,internal,2,1550,1600,100,1500,1650,150
2,Subject.2/Walk/WalkS2.avi,non_fall,train,35,36,2,100,1750,1850,0.14344262295081966,0.15163934426229508,internal,2,1750,1800,100,1700,1850,150
2,Subject.2/Walk/WalkS2.avi,non_fall,train,38,38,1,50,1900,1950,0.1557377049180328,0.1598360655737705,internal,1,1900,1900,50,1850,1950,100
2,Subject.2/Walk/WalkS2.avi,non_fall,train,40,41,2,100,2000,2100,0.16393442622950818,0.1721311475409836,internal,2,2000,2050,100,1950,2100,150
3,Subject.3/Fall forward/FallForwardS3.avi,fall,train,0,66,67,3350,0,3350,0.0,0.43790849673202614,leading,67,0,3300,3350,,,
3,Subject.3/Fall forward/FallForwardS3.avi,fall,train,84,91,8,400,4200,4600,0.5490196078431373,0.6013071895424836,internal,8,4200,4550,400,4150,4600,450
3,Subject.3/Fall forward/FallForwardS3.avi,fall,train,97,115,19,950,4850,5800,0.6339869281045751,0.7581699346405228,internal,19,4850,5750,950,4800,5800,1000
3,Subject.3/Fall forward/FallForwardS3.avi,fall,train,119,128,10,500,5950,6450,0.7777777777777778,0.8431372549019608,internal,10,5950,6400,500,5900,6450,550
3,Subject.3/Fall left/FallLeftS3.avi,fall,train,0,3,4,200,0,200,0.0,0.023391812865497075,leading,4,0,150,200,,,
3,Subject.3/Fall left/FallLeftS3.avi,fall,train,5,5,1,50,250,300,0.029239766081871343,0.03508771929824561,internal,1,250,250,50,200,300,100
3,Subject.3/Fall left/FallLeftS3.avi,fall,train,7,8,2,100,350,450,0.04093567251461988,0.05263157894736842,internal,2,350,400,100,300,450,150
3,Subject.3/Fall left/FallLeftS3.avi,fall,train,78,78,1,50,3900,3950,0.45614035087719296,0.4619883040935672,internal,1,3900,3900,50,3850,3950,100
3,Subject.3/Fall left/FallLeftS3.avi,fall,train,83,83,1,50,4150,4200,0.4853801169590643,0.49122807017543857,internal,1,4150,4150,50,4100,4200,100
3,Subject.3/Fall left/FallLeftS3.avi,fall,train,101,103,3,150,5050,5200,0.5906432748538012,0.6081871345029239,internal,3,5050,5150,150,5000,5200,200
3,Subject.3/Fall left/FallLeftS3.avi,fall,train,105,116,12,600,5250,5850,0.6140350877192983,0.6842105263157895,internal,12,5250,5800,600,5200,5850,650
3,Subject.3/Fall sitting/FallSittingS3.avi,fall,train,0,0,1,50,0,50,0.0,0.0049504950495049506,leading,1,0,0,50,,,
3,Subject.3/Fall sitting/FallSittingS3.avi,fall,train,139,140,2,100,6950,7050,0.6881188118811881,0.698019801980198,internal,2,6950,7000,100,6900,7050,150
3,Subject.3/Hop/HopS3.avi,non_fall,train,0,13,14,700,0,700,0.0,0.08641975308641975,leading,14,0,650,700,,,
3,Subject.3/Hop/HopS3.avi,non_fall,train,20,20,1,50,1000,1050,0.12345679012345678,0.12962962962962962,internal,1,1000,1000,50,950,1050,100
3,Subject.3/Hop/HopS3.avi,non_fall,train,25,36,12,600,1250,1850,0.15432098765432098,0.22839506172839505,internal,12,1250,1800,600,1200,1850,650
3,Subject.3/Hop/HopS3.avi,non_fall,train,38,46,9,450,1900,2350,0.2345679012345679,0.29012345679012347,internal,9,1900,2300,450,1850,2350,500
3,Subject.3/Hop/HopS3.avi,non_fall,train,49,52,4,200,2450,2650,0.30246913580246915,0.3271604938271605,internal,4,2450,2600,200,2400,2650,250
3,Subject.3/Hop/HopS3.avi,non_fall,train,55,55,1,50,2750,2800,0.3395061728395062,0.345679012345679,internal,1,2750,2750,50,2700,2800,100
3,Subject.3/Kneel/KneelS3.avi,non_fall,train,0,4,5,250,0,250,0.0,0.023474178403755867,leading,5,0,200,250,,,
3,Subject.3/Kneel/KneelS3.avi,non_fall,train,6,7,2,100,300,400,0.028169014084507043,0.03755868544600939,internal,2,300,350,100,250,400,150
3,Subject.3/Kneel/KneelS3.avi,non_fall,train,31,31,1,50,1550,1600,0.14553990610328638,0.15023474178403756,internal,1,1550,1550,50,1500,1600,100
3,Subject.3/Kneel/KneelS3.avi,non_fall,train,38,39,2,100,1900,2000,0.1784037558685446,0.18779342723004694,internal,2,1900,1950,100,1850,2000,150
3,Subject.3/Kneel/KneelS3.avi,non_fall,train,43,44,2,100,2150,2250,0.20187793427230047,0.2112676056338028,internal,2,2150,2200,100,2100,2250,150
3,Subject.3/Kneel/KneelS3.avi,non_fall,train,47,54,8,400,2350,2750,0.22065727699530516,0.25821596244131456,internal,8,2350,2700,400,2300,2750,450
3,Subject.3/Kneel/KneelS3.avi,non_fall,train,56,56,1,50,2800,2850,0.26291079812206575,0.2676056338028169,internal,1,2800,2800,50,2750,2850,100
3,Subject.3/Kneel/KneelS3.avi,non_fall,train,61,68,8,400,3050,3450,0.2863849765258216,0.323943661971831,internal,8,3050,3400,400,3000,3450,450
3,Subject.3/Kneel/KneelS3.avi,non_fall,train,93,95,3,150,4650,4800,0.43661971830985913,0.4507042253521127,internal,3,4650,4750,150,4600,4800,200
3,Subject.3/Kneel/KneelS3.avi,non_fall,train,98,155,58,2900,4900,7800,0.460093896713615,0.7323943661971831,internal,58,4900,7750,2900,4850,7800,2950
3,Subject.3/Kneel/KneelS3.avi,non_fall,train,157,159,3,150,7850,8000,0.7370892018779343,0.7511737089201878,internal,3,7850,7950,150,7800,8000,200
3,Subject.3/Kneel/KneelS3.avi,non_fall,train,174,174,1,50,8700,8750,0.8169014084507042,0.8215962441314554,internal,1,8700,8700,50,8650,8750,100
3,Subject.3/Kneel/KneelS3.avi,non_fall,train,177,181,5,250,8850,9100,0.8309859154929577,0.8544600938967136,internal,5,8850,9050,250,8800,9100,300
3,Subject.3/Kneel/KneelS3.avi,non_fall,train,184,184,1,50,9200,9250,0.863849765258216,0.8685446009389671,internal,1,9200,9200,50,9150,9250,100
3,Subject.3/Kneel/KneelS3.avi,non_fall,train,187,187,1,50,9350,9400,0.8779342723004695,0.8826291079812206,internal,1,9350,9350,50,9300,9400,100
3,Subject.3/Kneel/KneelS3.avi,non_fall,train,191,191,1,50,9550,9600,0.8967136150234741,0.9014084507042254,internal,1,9550,9550,50,9500,9600,100
3,Subject.3/Kneel/KneelS3.avi,non_fall,train,197,199,3,150,9850,10000,0.9248826291079812,0.9389671361502347,internal,3,9850,9950,150,9800,10000,200
3,Subject.3/Kneel/KneelS3.avi,non_fall,train,208,211,4,200,10400,10600,0.9765258215962441,0.9953051643192489,internal,4,10400,10550,200,10350,10600,250
3,Subject.3/Pick up object/PickupobjectS3.avi,non_fall,train,0,4,5,250,0,250,0.0,0.026881720430107527,leading,5,0,200,250,,,
3,Subject.3/Pick up object/PickupobjectS3.avi,non_fall,train,6,6,1,50,300,350,0.03225806451612903,0.03763440860215054,internal,1,300,300,50,250,350,100
3,Subject.3/Pick up object/PickupobjectS3.avi,non_fall,train,12,16,5,250,600,850,0.06451612903225806,0.0913978494623656,internal,5,600,800,250,550,850,300
3,Subject.3/Pick up object/PickupobjectS3.avi,non_fall,train,19,19,1,50,950,1000,0.10215053763440861,0.10752688172043011,internal,1,950,950,50,900,1000,100
3,Subject.3/Pick up object/PickupobjectS3.avi,non_fall,train,21,21,1,50,1050,1100,0.11290322580645161,0.11827956989247312,internal,1,1050,1050,50,1000,1100,100
3,Subject.3/Pick up object/PickupobjectS3.avi,non_fall,train,23,23,1,50,1150,1200,0.12365591397849462,0.12903225806451613,internal,1,1150,1150,50,1100,1200,100
3,Subject.3/Pick up object/PickupobjectS3.avi,non_fall,train,25,25,1,50,1250,1300,0.13440860215053763,0.13978494623655913,internal,1,1250,1250,50,1200,1300,100
3,Subject.3/Pick up object/PickupobjectS3.avi,non_fall,train,60,60,1,50,3000,3050,0.3225806451612903,0.3279569892473118,internal,1,3000,3000,50,2950,3050,100
3,Subject.3/Pick up object/PickupobjectS3.avi,non_fall,train,62,74,13,650,3100,3750,0.3333333333333333,0.4032258064516129,internal,13,3100,3700,650,3050,3750,700
3,Subject.3/Pick up object/PickupobjectS3.avi,non_fall,train,92,93,2,100,4600,4700,0.4946236559139785,0.5053763440860215,internal,2,4600,4650,100,4550,4700,150
3,Subject.3/Pick up object/PickupobjectS3.avi,non_fall,train,95,112,18,900,4750,5650,0.510752688172043,0.6075268817204301,internal,18,4750,5600,900,4700,5650,950
3,Subject.3/Pick up object/PickupobjectS3.avi,non_fall,train,114,118,5,250,5700,5950,0.6129032258064516,0.6397849462365591,internal,5,5700,5900,250,5650,5950,300
3,Subject.3/Sit down/SitDownS3.avi,non_fall,train,0,20,21,1050,0,1050,0.0,0.08045977011494253,leading,21,0,1000,1050,,,
3,Subject.3/Sit down/SitDownS3.avi,non_fall,train,23,26,4,200,1150,1350,0.08812260536398467,0.10344827586206896,internal,4,1150,1300,200,1100,1350,250
3,Subject.3/Sit down/SitDownS3.avi,non_fall,train,30,30,1,50,1500,1550,0.11494252873563218,0.11877394636015326,internal,1,1500,1500,50,1450,1550,100
3,Subject.3/Sit down/SitDownS3.avi,non_fall,train,37,37,1,50,1850,1900,0.1417624521072797,0.14559386973180077,internal,1,1850,1850,50,1800,1900,100
3,Subject.3/Sit down/SitDownS3.avi,non_fall,train,156,156,1,50,7800,7850,0.5977011494252874,0.6015325670498084,internal,1,7800,7800,50,7750,7850,100
3,Subject.3/Sit down/SitDownS3.avi,non_fall,train,159,169,11,550,7950,8500,0.6091954022988506,0.6513409961685823,internal,11,7950,8450,550,7900,8500,600
3,Subject.3/Sit down/SitDownS3.avi,non_fall,train,171,171,1,50,8550,8600,0.6551724137931034,0.6590038314176245,internal,1,8550,8550,50,8500,8600,100
3,Subject.3/Sit down/SitDownS3.avi,non_fall,train,173,177,5,250,8650,8900,0.6628352490421456,0.6819923371647509,internal,5,8650,8850,250,8600,8900,300
3,Subject.3/Walk/WalkS3.avi,non_fall,train,0,61,62,3100,0,3100,0.0,0.3522727272727273,leading,62,0,3050,3100,,,
3,Subject.3/Walk/WalkS3.avi,non_fall,train,70,70,1,50,3500,3550,0.3977272727272727,0.4034090909090909,internal,1,3500,3500,50,3450,3550,100
4,Subject.4/Fall backwards/FallBackwardsS4.avi,fall,train,70,78,9,450,3500,3950,0.3645833333333333,0.4114583333333333,internal,9,3500,3900,450,3450,3950,500
4,Subject.4/Fall backwards/FallBackwardsS4.avi,fall,train,165,165,1,50,8250,8300,0.859375,0.8645833333333334,internal,1,8250,8250,50,8200,8300,100
4,Subject.4/Fall forward/FallForwardS4.avi,fall,train,0,13,14,700,0,700,0.0,0.08333333333333333,leading,14,0,650,700,,,
4,Subject.4/Fall forward/FallForwardS4.avi,fall,train,15,18,4,200,750,950,0.08928571428571429,0.1130952380952381,internal,4,750,900,200,700,950,250
4,Subject.4/Fall forward/FallForwardS4.avi,fall,train,27,28,2,100,1350,1450,0.16071428571428573,0.17261904761904762,internal,2,1350,1400,100,1300,1450,150
4,Subject.4/Fall left/FallLeftS4.avi,fall,train,0,0,1,50,0,50,0.0,0.006172839506172839,leading,1,0,0,50,,,
4,Subject.4/Fall left/FallLeftS4.avi,fall,train,76,76,1,50,3800,3850,0.4691358024691358,0.47530864197530864,internal,1,3800,3800,50,3750,3850,100
4,Subject.4/Hop/HopS4.avi,non_fall,train,0,8,9,450,0,450,0.0,0.0625,leading,9,0,400,450,,,
4,Subject.4/Pick up object/PickupobjectS4.avi,non_fall,train,82,82,1,50,4100,4150,0.4581005586592179,0.46368715083798884,internal,1,4100,4100,50,4050,4150,100
4,Subject.4/Pick up object/PickupobjectS4.avi,non_fall,train,88,88,1,50,4400,4450,0.49162011173184356,0.4972067039106145,internal,1,4400,4400,50,4350,4450,100
4,Subject.4/Pick up object/PickupobjectS4.avi,non_fall,train,91,92,2,100,4550,4650,0.5083798882681564,0.5195530726256983,internal,2,4550,4600,100,4500,4650,150
4,Subject.4/Walk/WalkS4.avi,non_fall,train,0,17,18,900,0,900,0.0,0.075,leading,18,0,850,900,,,
8,Subject.8/Fall backwards/FallBackwardsS8.avi,fall,train,0,0,1,50,0,50,0.0,0.0047169811320754715,leading,1,0,0,50,,,
8,Subject.8/Fall forward/FallForwardS8.avi,fall,train,0,121,122,6100,0,6100,0.0,1.0,whole_video,122,0,6050,6100,,,
8,Subject.8/Fall left/FallLeftS8.avi,fall,train,41,169,129,6450,2050,8500,0.20297029702970298,0.8415841584158416,internal,129,2050,8450,6450,2000,8500,6500
8,Subject.8/Fall right/FallRightS8.avi,fall,train,0,42,43,2150,0,2150,0.0,0.18777292576419213,leading,43,0,2100,2150,,,
8,Subject.8/Fall right/FallRightS8.avi,fall,train,77,228,152,7600,3850,11450,0.33624454148471616,1.0,trailing,152,3850,11400,7600,,,
8,Subject.8/Fall sitting/FallSittingS8.avi,fall,train,0,31,32,1600,0,1600,0.0,0.13675213675213677,leading,32,0,1550,1600,,,
8,Subject.8/Fall sitting/FallSittingS8.avi,fall,train,68,68,1,50,3400,3450,0.2905982905982906,0.2948717948717949,internal,1,3400,3400,50,3350,3450,100
8,Subject.8/Hop/HopS8.avi,non_fall,train,0,9,10,500,0,500,0.0,0.060240963855421686,leading,10,0,450,500,,,
8,Subject.8/Kneel/KneelS8.avi,non_fall,train,0,2,3,150,0,150,0.0,0.01171875,leading,3,0,100,150,,,
8,Subject.8/Kneel/KneelS8.avi,non_fall,train,119,190,72,3600,5950,9550,0.46484375,0.74609375,internal,72,5950,9500,3600,5900,9550,3650
8,Subject.8/Pick up object/PickupobjectS8.avi,non_fall,train,0,20,21,1050,0,1050,0.0,0.07894736842105263,leading,21,0,1000,1050,,,
8,Subject.8/Sit down/SitDownS8.avi,non_fall,train,0,37,38,1900,0,1900,0.0,0.1792452830188679,leading,38,0,1850,1900,,,
9,Subject.9/Fall forward/FallForwardS9.avi,fall,train,0,18,19,950,0,950,0.0,0.12837837837837837,leading,19,0,900,950,,,
9,Subject.9/Fall forward/FallForwardS9.avi,fall,train,49,49,1,50,2450,2500,0.3310810810810811,0.33783783783783783,internal,1,2450,2450,50,2400,2500,100
9,Subject.9/Fall left/FallLeftS9.avi,fall,train,0,2,3,150,0,150,0.0,0.014492753623188406,leading,3,0,100,150,,,
9,Subject.9/Fall left/FallLeftS9.avi,fall,train,7,7,1,50,350,400,0.033816425120772944,0.03864734299516908,internal,1,350,350,50,300,400,100
9,Subject.9/Fall left/FallLeftS9.avi,fall,train,39,41,3,150,1950,2100,0.18840579710144928,0.2028985507246377,internal,3,1950,2050,150,1900,2100,200
9,Subject.9/Fall left/FallLeftS9.avi,fall,train,43,45,3,150,2150,2300,0.20772946859903382,0.2222222222222222,internal,3,2150,2250,150,2100,2300,200
9,Subject.9/Fall left/FallLeftS9.avi,fall,train,47,47,1,50,2350,2400,0.22705314009661837,0.2318840579710145,internal,1,2350,2350,50,2300,2400,100
9,Subject.9/Fall left/FallLeftS9.avi,fall,train,49,63,15,750,2450,3200,0.23671497584541062,0.30917874396135264,internal,15,2450,3150,750,2400,3200,800
9,Subject.9/Fall left/FallLeftS9.avi,fall,train,80,87,8,400,4000,4400,0.3864734299516908,0.4251207729468599,internal,8,4000,4350,400,3950,4400,450
9,Subject.9/Fall left/FallLeftS9.avi,fall,train,89,89,1,50,4450,4500,0.42995169082125606,0.43478260869565216,internal,1,4450,4450,50,4400,4500,100
9,Subject.9/Fall left/FallLeftS9.avi,fall,train,91,92,2,100,4550,4650,0.4396135265700483,0.4492753623188406,internal,2,4550,4600,100,4500,4650,150
9,Subject.9/Fall left/FallLeftS9.avi,fall,train,94,94,1,50,4700,4750,0.45410628019323673,0.45893719806763283,internal,1,4700,4700,50,4650,4750,100
9,Subject.9/Fall left/FallLeftS9.avi,fall,train,97,98,2,100,4850,4950,0.46859903381642515,0.4782608695652174,internal,2,4850,4900,100,4800,4950,150
9,Subject.9/Fall left/FallLeftS9.avi,fall,train,100,100,1,50,5000,5050,0.4830917874396135,0.48792270531400966,internal,1,5000,5000,50,4950,5050,100
9,Subject.9/Fall left/FallLeftS9.avi,fall,train,102,102,1,50,5100,5150,0.4927536231884058,0.4975845410628019,internal,1,5100,5100,50,5050,5150,100
9,Subject.9/Fall left/FallLeftS9.avi,fall,train,104,104,1,50,5200,5250,0.5024154589371981,0.5072463768115942,internal,1,5200,5200,50,5150,5250,100
9,Subject.9/Fall left/FallLeftS9.avi,fall,train,106,106,1,50,5300,5350,0.5120772946859904,0.5169082125603864,internal,1,5300,5300,50,5250,5350,100
9,Subject.9/Fall left/FallLeftS9.avi,fall,train,108,108,1,50,5400,5450,0.5217391304347826,0.5265700483091788,internal,1,5400,5400,50,5350,5450,100
9,Subject.9/Fall left/FallLeftS9.avi,fall,train,110,110,1,50,5500,5550,0.5314009661835749,0.5362318840579711,internal,1,5500,5500,50,5450,5550,100
9,Subject.9/Fall left/FallLeftS9.avi,fall,train,113,113,1,50,5650,5700,0.5458937198067633,0.5507246376811594,internal,1,5650,5650,50,5600,5700,100
9,Subject.9/Fall left/FallLeftS9.avi,fall,train,115,115,1,50,5750,5800,0.5555555555555556,0.5603864734299517,internal,1,5750,5750,50,5700,5800,100
9,Subject.9/Fall left/FallLeftS9.avi,fall,train,117,118,2,100,5850,5950,0.5652173913043478,0.5748792270531401,internal,2,5850,5900,100,5800,5950,150
9,Subject.9/Fall left/FallLeftS9.avi,fall,train,120,120,1,50,6000,6050,0.5797101449275363,0.5845410628019324,internal,1,6000,6000,50,5950,6050,100
9,Subject.9/Fall left/FallLeftS9.avi,fall,train,122,122,1,50,6100,6150,0.5893719806763285,0.5942028985507246,internal,1,6100,6100,50,6050,6150,100
9,Subject.9/Fall left/FallLeftS9.avi,fall,train,124,124,1,50,6200,6250,0.5990338164251208,0.6038647342995169,internal,1,6200,6200,50,6150,6250,100
9,Subject.9/Fall left/FallLeftS9.avi,fall,train,126,126,1,50,6300,6350,0.6086956521739131,0.6135265700483091,internal,1,6300,6300,50,6250,6350,100
9,Subject.9/Fall left/FallLeftS9.avi,fall,train,128,128,1,50,6400,6450,0.6183574879227053,0.6231884057971014,internal,1,6400,6400,50,6350,6450,100
9,Subject.9/Fall left/FallLeftS9.avi,fall,train,130,130,1,50,6500,6550,0.6280193236714976,0.6328502415458938,internal,1,6500,6500,50,6450,6550,100
9,Subject.9/Fall left/FallLeftS9.avi,fall,train,133,135,3,150,6650,6800,0.642512077294686,0.6570048309178744,internal,3,6650,6750,150,6600,6800,200
9,Subject.9/Fall left/FallLeftS9.avi,fall,train,138,138,1,50,6900,6950,0.6666666666666666,0.6714975845410628,internal,1,6900,6900,50,6850,6950,100
9,Subject.9/Fall left/FallLeftS9.avi,fall,train,140,140,1,50,7000,7050,0.6763285024154589,0.6811594202898551,internal,1,7000,7000,50,6950,7050,100
9,Subject.9/Fall left/FallLeftS9.avi,fall,train,142,142,1,50,7100,7150,0.6859903381642513,0.6908212560386473,internal,1,7100,7100,50,7050,7150,100
9,Subject.9/Fall left/FallLeftS9.avi,fall,train,144,144,1,50,7200,7250,0.6956521739130435,0.7004830917874396,internal,1,7200,7200,50,7150,7250,100
9,Subject.9/Fall left/FallLeftS9.avi,fall,train,146,146,1,50,7300,7350,0.7053140096618358,0.7101449275362319,internal,1,7300,7300,50,7250,7350,100
9,Subject.9/Fall left/FallLeftS9.avi,fall,train,148,148,1,50,7400,7450,0.714975845410628,0.7198067632850241,internal,1,7400,7400,50,7350,7450,100
9,Subject.9/Fall left/FallLeftS9.avi,fall,train,150,150,1,50,7500,7550,0.7246376811594203,0.7294685990338164,internal,1,7500,7500,50,7450,7550,100
9,Subject.9/Fall left/FallLeftS9.avi,fall,train,152,152,1,50,7600,7650,0.7342995169082126,0.7391304347826086,internal,1,7600,7600,50,7550,7650,100
9,Subject.9/Fall left/FallLeftS9.avi,fall,train,154,156,3,150,7700,7850,0.7439613526570048,0.7584541062801933,internal,3,7700,7800,150,7650,7850,200
9,Subject.9/Fall left/FallLeftS9.avi,fall,train,158,158,1,50,7900,7950,0.7632850241545893,0.7681159420289855,internal,1,7900,7900,50,7850,7950,100
9,Subject.9/Fall left/FallLeftS9.avi,fall,train,160,167,8,400,8000,8400,0.7729468599033816,0.8115942028985508,internal,8,8000,8350,400,7950,8400,450
9,Subject.9/Fall left/FallLeftS9.avi,fall,train,169,169,1,50,8450,8500,0.8164251207729468,0.821256038647343,internal,1,8450,8450,50,8400,8500,100
9,Subject.9/Fall left/FallLeftS9.avi,fall,train,171,177,7,350,8550,8900,0.8260869565217391,0.8599033816425121,internal,7,8550,8850,350,8500,8900,400
9,Subject.9/Fall left/FallLeftS9.avi,fall,train,180,180,1,50,9000,9050,0.8695652173913043,0.8743961352657005,internal,1,9000,9000,50,8950,9050,100
9,Subject.9/Fall left/FallLeftS9.avi,fall,train,182,183,2,100,9100,9200,0.8792270531400966,0.8888888888888888,internal,2,9100,9150,100,9050,9200,150
9,Subject.9/Fall left/FallLeftS9.avi,fall,train,185,185,1,50,9250,9300,0.893719806763285,0.8985507246376812,internal,1,9250,9250,50,9200,9300,100
9,Subject.9/Fall left/FallLeftS9.avi,fall,train,187,188,2,100,9350,9450,0.9033816425120773,0.9130434782608695,internal,2,9350,9400,100,9300,9450,150
9,Subject.9/Fall left/FallLeftS9.avi,fall,train,190,192,3,150,9500,9650,0.9178743961352657,0.9323671497584541,internal,3,9500,9600,150,9450,9650,200
9,Subject.9/Fall left/FallLeftS9.avi,fall,train,195,199,5,250,9750,10000,0.9420289855072463,0.966183574879227,internal,5,9750,9950,250,9700,10000,300
9,Subject.9/Fall left/FallLeftS9.avi,fall,train,202,202,1,50,10100,10150,0.9758454106280193,0.9806763285024155,internal,1,10100,10100,50,10050,10150,100
9,Subject.9/Fall left/FallLeftS9.avi,fall,train,206,206,1,50,10300,10350,0.9951690821256038,1.0,trailing,1,10300,10300,50,,,
9,Subject.9/Fall right/FallRightS9.avi,fall,train,0,8,9,450,0,450,0.0,0.047619047619047616,leading,9,0,400,450,,,
9,Subject.9/Fall sitting/FallSittingS9.avi,fall,train,75,75,1,50,3750,3800,0.3472222222222222,0.35185185185185186,internal,1,3750,3750,50,3700,3800,100
9,Subject.9/Hop/HopS9.avi,non_fall,train,0,1,2,100,0,100,0.0,0.009433962264150943,leading,2,0,50,100,,,
9,Subject.9/Kneel/KneelS9.avi,non_fall,train,0,2,3,150,0,150,0.0,0.013888888888888888,leading,3,0,100,150,,,
9,Subject.9/Kneel/KneelS9.avi,non_fall,train,101,101,1,50,5050,5100,0.4675925925925926,0.4722222222222222,internal,1,5050,5050,50,5000,5100,100
9,Subject.9/Kneel/KneelS9.avi,non_fall,train,106,106,1,50,5300,5350,0.49074074074074076,0.49537037037037035,internal,1,5300,5300,50,5250,5350,100
9,Subject.9/Kneel/KneelS9.avi,non_fall,train,109,109,1,50,5450,5500,0.5046296296296297,0.5092592592592593,internal,1,5450,5450,50,5400,5500,100
9,Subject.9/Kneel/KneelS9.avi,non_fall,train,112,118,7,350,5600,5950,0.5185185185185185,0.5509259259259259,internal,7,5600,5900,350,5550,5950,400
9,Subject.9/Pick up object/PickupobjectS9.avi,non_fall,train,0,7,8,400,0,400,0.0,0.03636363636363636,leading,8,0,350,400,,,
9,Subject.9/Sit down/SitDownS9.avi,non_fall,train,0,2,3,150,0,150,0.0,0.012605042016806723,leading,3,0,100,150,,,
9,Subject.9/Sit down/SitDownS9.avi,non_fall,train,6,8,3,150,300,450,0.025210084033613446,0.037815126050420166,internal,3,300,400,150,250,450,200
9,Subject.9/Sit down/SitDownS9.avi,non_fall,train,58,65,8,400,2900,3300,0.24369747899159663,0.2773109243697479,internal,8,2900,3250,400,2850,3300,450
9,Subject.9/Sit down/SitDownS9.avi,non_fall,train,70,72,3,150,3500,3650,0.29411764705882354,0.3067226890756303,internal,3,3500,3600,150,3450,3650,200
9,Subject.9/Sit down/SitDownS9.avi,non_fall,train,74,86,13,650,3700,4350,0.31092436974789917,0.36554621848739494,internal,13,3700,4300,650,3650,4350,700
9,Subject.9/Walk/WalkS9.avi,non_fall,train,0,34,35,1750,0,1750,0.0,0.14957264957264957,leading,35,0,1700,1750,,,
