subject_id,video_label,videos,frames,detected_frames,missing_frames,pooled_pose_availability,mean_video_missing_fraction,median_video_missing_fraction,mean_longest_missing_support_ms,median_longest_missing_support_ms,mean_missing_run_count
1,fall,5,697,595,102,0.8536585365853658,0.11026797763639869,0.01098901098901099,960.0,50.0,1.4
1,non_fall,5,947,889,58,0.938753959873284,0.07442254714981987,0.0,390.0,0.0,0.8
2,fall,5,637,613,24,0.9623233908948194,0.044670111765412815,0.0,230.0,0.0,0.6
2,non_fall,5,823,778,45,0.945321992709599,0.04073671736124827,0.0,290.0,0.0,1.8
3,fall,5,912,781,131,0.856359649122807,0.1669881848866001,0.01485148514851485,810.0,100.0,2.6
3,non_fall,5,998,686,312,0.687374749498998,0.3171028856316239,0.2903225806451613,1730.0,1050.0,9.2
4,fall,5,870,838,32,0.9632183908045977,0.03669532627865961,0.012345679012345678,240.0,50.0,1.4
4,non_fall,5,984,953,31,0.9684959349593496,0.03196927374301676,0.0223463687150838,290.0,100.0,1.0
8,fall,5,999,519,480,0.5195195195195195,0.5271769735646662,0.6386138613861386,4360.0,6100.0,1.4
8,non_fall,5,1116,972,144,0.8709677419354839,0.12228047305906845,0.07894736842105263,1410.0,1050.0,1.0
9,fall,5,1012,879,133,0.8685770750988142,0.13699367068932286,0.047619047619047616,440.0,450.0,10.4
9,non_fall,5,1120,1032,88,0.9214285714285714,0.07632117071073785,0.06018518518518518,650.0,400.0,2.6
