subject_id,source_video,source_npz,activity,video_label,split,frames,duration_ms,detected_frames,missing_frames,pose_availability,missing_fraction,missing_run_count,shortest_missing_run_frames,shortest_missing_run_ms,median_missing_run_ms,longest_missing_run_frames,longest_missing_run_ms,missing_run_durations_frames,missing_run_durations_ms,missing_progress_quintile_frames,zero_detected_poses
1,Subject.1/Fall backwards/FallBackwardsS1.avi,data/interim/caucafall_v5/pose_raw_v1_runs/4df7dd5f-fb38-4908-8233-1a81deb8dc05/Subject.1/Fall backwards/FallBackwardsS1.npz,Fall backwards,fall,train,125,6250,125,0,1.0,0.0,0,,,,,,[],[],"[0,0,0,0,0]",False
1,Subject.1/Fall forward/FallForwardS1.avi,data/interim/caucafall_v5/pose_raw_v1_runs/4df7dd5f-fb38-4908-8233-1a81deb8dc05/Subject.1/Fall forward/FallForwardS1.npz,Fall forward,fall,train,190,9500,94,96,0.49473684210526314,0.5052631578947369,3,1,50,150.0,92,4600,"[92,1,3]","[4600,50,150]","[38,38,16,4,0]",False
1,Subject.1/Fall left/FallLeftS1.avi,data/interim/caucafall_v5/pose_raw_v1_runs/4df7dd5f-fb38-4908-8233-1a81deb8dc05/Subject.1/Fall left/FallLeftS1.npz,Fall left,fall,train,86,4300,86,0,1.0,0.0,0,,,,,,[],[],"[0,0,0,0,0]",False
1,Subject.1/Fall right/FallRightS1.avi,data/interim/caucafall_v5/pose_raw_v1_runs/4df7dd5f-fb38-4908-8233-1a81deb8dc05/Subject.1/Fall right/FallRightS1.npz,Fall right,fall,train,114,5700,110,4,0.9649122807017544,0.03508771929824561,2,1,50,100.0,3,150,"[3,1]","[150,50]","[0,3,1,0,0]",False
1,Subject.1/Fall sitting/FallSittingS1.avi,data/interim/caucafall_v5/pose_raw_v1_runs/4df7dd5f-fb38-4908-8233-1a81deb8dc05/Subject.1/Fall sitting/FallSittingS1.npz,Fall sitting,fall,train,182,9100,180,2,0.989010989010989,0.01098901098901099,2,1,50,50.0,1,50,"[1,1]","[50,50]","[0,0,2,0,0]",False
1,Subject.1/Hop/HopS1.avi,data/interim/caucafall_v5/pose_raw_v1_runs/4df7dd5f-fb38-4908-8233-1a81deb8dc05/Subject.1/Hop/HopS1.npz,Hop,non_fall,train,182,9100,182,0,1.0,0.0,0,,,,,,[],[],"[0,0,0,0,0]",False
1,Subject.1/Kneel/KneelS1.avi,data/interim/caucafall_v5/pose_raw_v1_runs/4df7dd5f-fb38-4908-8233-1a81deb8dc05/Subject.1/Kneel/KneelS1.npz,Kneel,non_fall,train,219,10950,219,0,1.0,0.0,0,,,,,,[],[],"[0,0,0,0,0]",False
1,Subject.1/Pick up object/PickupobjectS1.avi,data/interim/caucafall_v5/pose_raw_v1_runs/4df7dd5f-fb38-4908-8233-1a81deb8dc05/Subject.1/Pick up object/PickupobjectS1.npz,Pick up object,non_fall,train,117,5850,87,30,0.7435897435897436,0.2564102564102564,2,8,400,750.0,22,1100,"[22,8]","[1100,400]","[22,0,8,0,0]",False
1,Subject.1/Sit down/SitDownS1.avi,data/interim/caucafall_v5/pose_raw_v1_runs/4df7dd5f-fb38-4908-8233-1a81deb8dc05/Subject.1/Sit down/SitDownS1.npz,Sit down,non_fall,train,187,9350,187,0,1.0,0.0,0,,,,,,[],[],"[0,0,0,0,0]",False
1,Subject.1/Walk/WalkS1.avi,data/interim/caucafall_v5/pose_raw_v1_runs/4df7dd5f-fb38-4908-8233-1a81deb8dc05/Subject.1/Walk/WalkS1.npz,Walk,non_fall,train,242,12100,214,28,0.8842975206611571,0.11570247933884298,2,11,550,700.0,17,850,"[17,11]","[850,550]","[28,0,0,0,0]",False
2,Subject.2/Fall backwards/FallBackwardsS2.avi,data/interim/caucafall_v5/pose_raw_v1_runs/4df7dd5f-fb38-4908-8233-1a81deb8dc05/Subject.2/Fall backwards/FallBackwardsS2.npz,Fall backwards,fall,train,119,5950,119,0,1.0,0.0,0,,,,,,[],[],"[0,0,0,0,0]",False
2,Subject.2/Fall forward/FallForwardS2.avi,data/interim/caucafall_v5/pose_raw_v1_runs/4df7dd5f-fb38-4908-8233-1a81deb8dc05/Subject.2/Fall forward/FallForwardS2.npz,Fall forward,fall,train,106,5300,83,23,0.7830188679245284,0.2169811320754717,2,1,50,575.0,22,1100,"[22,1]","[1100,50]","[21,2,0,0,0]",False
2,Subject.2/Fall left/FallLeftS2.avi,data/interim/caucafall_v5/pose_raw_v1_runs/4df7dd5f-fb38-4908-8233-1a81deb8dc05/Subject.2/Fall left/FallLeftS2.npz,Fall left,fall,train,109,5450,109,0,1.0,0.0,0,,,,,,[],[],"[0,0,0,0,0]",False
2,Subject.2/Fall right/FallRightS2.avi,data/interim/caucafall_v5/pose_raw_v1_runs/4df7dd5f-fb38-4908-8233-1a81deb8dc05/Subject.2/Fall right/FallRightS2.npz,Fall right,fall,train,146,7300,146,0,1.0,0.0,0,,,,,,[],[],"[0,0,0,0,0]",False
2,Subject.2/Fall sitting/FallSittingS2.avi,data/interim/caucafall_v5/pose_raw_v1_runs/4df7dd5f-fb38-4908-8233-1a81deb8dc05/Subject.2/Fall sitting/FallSittingS2.npz,Fall sitting,fall,train,157,7850,156,1,0.9936305732484076,0.006369426751592357,1,1,50,50.0,1,50,[1],[50],"[0,0,1,0,0]",False
2,Subject.2/Hop/HopS2.avi,data/interim/caucafall_v5/pose_raw_v1_runs/4df7dd5f-fb38-4908-8233-1a81deb8dc05/Subject.2/Hop/HopS2.npz,Hop,non_fall,train,171,8550,171,0,1.0,0.0,0,,,,,,[],[],"[0,0,0,0,0]",False
2,Subject.2/Kneel/KneelS2.avi,data/interim/caucafall_v5/pose_raw_v1_runs/4df7dd5f-fb38-4908-8233-1a81deb8dc05/Subject.2/Kneel/KneelS2.npz,Kneel,non_fall,train,130,6500,130,0,1.0,0.0,0,,,,,,[],[],"[0,0,0,0,0]",False
2,Subject.2/Pick up object/PickupobjectS2.avi,data/interim/caucafall_v5/pose_raw_v1_runs/4df7dd5f-fb38-4908-8233-1a81deb8dc05/Subject.2/Pick up object/PickupobjectS2.npz,Pick up object,non_fall,train,166,8300,156,10,0.9397590361445783,0.060240963855421686,2,1,50,250.0,9,450,"[9,1]","[450,50]","[9,0,0,0,1]",False
2,Subject.2/Sit down/SitDownS2.avi,data/interim/caucafall_v5/pose_raw_v1_runs/4df7dd5f-fb38-4908-8233-1a81deb8dc05/Subject.2/Sit down/SitDownS2.npz,Sit down,non_fall,train,112,5600,112,0,1.0,0.0,0,,,,,,[],[],"[0,0,0,0,0]",False
2,Subject.2/Walk/WalkS2.avi,data/interim/caucafall_v5/pose_raw_v1_runs/4df7dd5f-fb38-4908-8233-1a81deb8dc05/Subject.2/Walk/WalkS2.npz,Walk,non_fall,train,244,12200,209,35,0.8565573770491803,0.14344262295081966,7,1,50,100.0,20,1000,"[20,7,1,2,2,1,2]","[1000,350,50,100,100,50,100]","[35,0,0,0,0]",False
3,Subject.3/Fall backwards/FallBackwardsS3.avi,data/interim/caucafall_v5/pose_raw_v1_runs/4df7dd5f-fb38-4908-8233-1a81deb8dc05/Subject.3/Fall backwards/FallBackwardsS3.npz,Fall backwards,fall,train,166,8300,166,0,1.0,0.0,0,,,,,,[],[],"[0,0,0,0,0]",False
3,Subject.3/Fall forward/FallForwardS3.avi,data/interim/caucafall_v5/pose_raw_v1_runs/4df7dd5f-fb38-4908-8233-1a81deb8dc05/Subject.3/Fall forward/FallForwardS3.npz,Fall forward,fall,train,153,7650,49,104,0.3202614379084967,0.6797385620915033,4,8,400,725.0,67,3350,"[67,8,19,10]","[3350,400,950,500]","[31,30,14,22,7]",False
3,Subject.3/Fall left/FallLeftS3.avi,data/interim/caucafall_v5/pose_raw_v1_runs/4df7dd5f-fb38-4908-8233-1a81deb8dc05/Subject.3/Fall left/FallLeftS3.npz,Fall left,fall,train,171,8550,147,24,0.8596491228070176,0.14035087719298245,7,1,50,100.0,12,600,"[4,1,2,1,1,3,12]","[200,50,100,50,50,150,600]","[7,0,4,13,0]",False
3,Subject.3/Fall right/FallRightS3.avi,data/interim/caucafall_v5/pose_raw_v1_runs/4df7dd5f-fb38-4908-8233-1a81deb8dc05/Subject.3/Fall right/FallRightS3.npz,Fall right,fall,train,220,11000,220,0,1.0,0.0,0,,,,,,[],[],"[0,0,0,0,0]",False
3,Subject.3/Fall sitting/FallSittingS3.avi,data/interim/caucafall_v5/pose_raw_v1_runs/4df7dd5f-fb38-4908-8233-1a81deb8dc05/Subject.3/Fall sitting/FallSittingS3.npz,Fall sitting,fall,train,202,10100,199,3,0.9851485148514851,0.01485148514851485,2,1,50,75.0,2,100,"[1,2]","[50,100]","[1,0,0,2,0]",False
3,Subject.3/Hop/HopS3.avi,data/interim/caucafall_v5/pose_raw_v1_runs/4df7dd5f-fb38-4908-8233-1a81deb8dc05/Subject.3/Hop/HopS3.npz,Hop,non_fall,train,162,8100,121,41,0.7469135802469136,0.25308641975308643,6,1,50,325.0,14,700,"[14,1,12,9,4,1]","[700,50,600,450,200,50]","[22,19,0,0,0]",False
3,Subject.3/Kneel/KneelS3.avi,data/interim/caucafall_v5/pose_raw_v1_runs/4df7dd5f-fb38-4908-8233-1a81deb8dc05/Subject.3/Kneel/KneelS3.npz,Kneel,non_fall,train,213,10650,104,109,0.48826291079812206,0.5117370892018779,18,1,50,125.0,58,2900,"[5,2,1,2,2,8,1,8,3,58,3,1,5,1,1,1,3,4]","[250,100,50,100,100,400,50,400,150,2900,150,50,250,50,50,50,150,200]","[10,19,33,31,16]",False
3,Subject.3/Pick up object/PickupobjectS3.avi,data/interim/caucafall_v5/pose_raw_v1_runs/4df7dd5f-fb38-4908-8233-1a81deb8dc05/Subject.3/Pick up object/PickupobjectS3.npz,Pick up object,non_fall,train,186,9300,132,54,0.7096774193548387,0.2903225806451613,12,1,50,75.0,18,900,"[5,1,5,1,1,1,1,1,13,2,18,5]","[250,50,250,50,50,50,50,50,650,100,900,250]","[15,13,20,6,0]",False
3,Subject.3/Sit down/SitDownS3.avi,data/interim/caucafall_v5/pose_raw_v1_runs/4df7dd5f-fb38-4908-8233-1a81deb8dc05/Subject.3/Sit down/SitDownS3.npz,Sit down,non_fall,train,261,13050,216,45,0.8275862068965517,0.1724137931034483,8,1,50,125.0,21,1050,"[21,4,1,1,1,11,1,5]","[1050,200,50,50,50,550,50,250]","[27,0,1,17,0]",False
3,Subject.3/Walk/WalkS3.avi,data/interim/caucafall_v5/pose_raw_v1_runs/4df7dd5f-fb38-4908-8233-1a81deb8dc05/Subject.3/Walk/WalkS3.npz,Walk,non_fall,train,176,8800,113,63,0.6420454545454546,0.35795454545454547,2,1,50,1575.0,62,3100,"[62,1]","[3100,50]","[35,27,1,0,0]",False
4,Subject.4/Fall backwards/FallBackwardsS4.avi,data/interim/caucafall_v5/pose_raw_v1_runs/4df7dd5f-fb38-4908-8233-1a81deb8dc05/Subject.4/Fall backwards/FallBackwardsS4.npz,Fall backwards,fall,train,192,9600,182,10,0.9479166666666666,0.052083333333333336,2,1,50,250.0,9,450,"[9,1]","[450,50]","[0,7,2,0,1]",False
4,Subject.4/Fall forward/FallForwardS4.avi,data/interim/caucafall_v5/pose_raw_v1_runs/4df7dd5f-fb38-4908-8233-1a81deb8dc05/Subject.4/Fall forward/FallForwardS4.npz,Fall forward,fall,train,168,8400,148,20,0.8809523809523809,0.11904761904761904,3,2,100,200.0,14,700,"[14,4,2]","[700,200,100]","[20,0,0,0,0]",False
4,Subject.4/Fall left/FallLeftS4.avi,data/interim/caucafall_v5/pose_raw_v1_runs/4df7dd5f-fb38-4908-8233-1a81deb8dc05/Subject.4/Fall left/FallLeftS4.npz,Fall left,fall,train,162,8100,160,2,0.9876543209876543,0.012345679012345678,2,1,50,50.0,1,50,"[1,1]","[50,50]","[1,0,1,0,0]",False
4,Subject.4/Fall right/FallRightS4.avi,data/interim/caucafall_v5/pose_raw_v1_runs/4df7dd5f-fb38-4908-8233-1a81deb8dc05/Subject.4/Fall right/FallRightS4.npz,Fall right,fall,train,150,7500,150,0,1.0,0.0,0,,,,,,[],[],"[0,0,0,0,0]",False
4,Subject.4/Fall sitting/FallSittingS4.avi,data/interim/caucafall_v5/pose_raw_v1_runs/4df7dd5f-fb38-4908-8233-1a81deb8dc05/Subject.4/Fall sitting/FallSittingS4.npz,Fall sitting,fall,train,198,9900,198,0,1.0,0.0,0,,,,,,[],[],"[0,0,0,0,0]",False
4,Subject.4/Hop/HopS4.avi,data/interim/caucafall_v5/pose_raw_v1_runs/4df7dd5f-fb38-4908-8233-1a81deb8dc05/Subject.4/Hop/HopS4.npz,Hop,non_fall,train,144,7200,135,9,0.9375,0.0625,1,9,450,450.0,9,450,[9],[450],"[9,0,0,0,0]",False
4,Subject.4/Kneel/KneelS4.avi,data/interim/caucafall_v5/pose_raw_v1_runs/4df7dd5f-fb38-4908-8233-1a81deb8dc05/Subject.4/Kneel/KneelS4.npz,Kneel,non_fall,train,222,11100,222,0,1.0,0.0,0,,,,,,[],[],"[0,0,0,0,0]",False
4,Subject.4/Pick up object/PickupobjectS4.avi,data/interim/caucafall_v5/pose_raw_v1_runs/4df7dd5f-fb38-4908-8233-1a81deb8dc05/Subject.4/Pick up object/PickupobjectS4.npz,Pick up object,non_fall,train,179,8950,175,4,0.9776536312849162,0.0223463687150838,3,1,50,50.0,2,100,"[1,1,2]","[50,50,100]","[0,0,4,0,0]",False
4,Subject.4/Sit down/SitDownS4.avi,data/interim/caucafall_v5/pose_raw_v1_runs/4df7dd5f-fb38-4908-8233-1a81deb8dc05/Subject.4/Sit down/SitDownS4.npz,Sit down,non_fall,train,199,9950,199,0,1.0,0.0,0,,,,,,[],[],"[0,0,0,0,0]",False
4,Subject.4/Walk/WalkS4.avi,data/interim/caucafall_v5/pose_raw_v1_runs/4df7dd5f-fb38-4908-8233-1a81deb8dc05/Subject.4/Walk/WalkS4.npz,Walk,non_fall,train,240,12000,222,18,0.925,0.075,1,18,900,900.0,18,900,[18],[900],"[18,0,0,0,0]",False
8,Subject.8/Fall backwards/FallBackwardsS8.avi,data/interim/caucafall_v5/pose_raw_v1_runs/4df7dd5f-fb38-4908-8233-1a81deb8dc05/Subject.8/Fall backwards/FallBackwardsS8.npz,Fall backwards,fall,train,212,10600,211,1,0.9952830188679245,0.0047169811320754715,1,1,50,50.0,1,50,[1],[50],"[1,0,0,0,0]",False
8,Subject.8/Fall forward/FallForwardS8.avi,data/interim/caucafall_v5/pose_raw_v1_runs/4df7dd5f-fb38-4908-8233-1a81deb8dc05/Subject.8/Fall forward/FallForwardS8.npz,Fall forward,fall,train,122,6100,0,122,0.0,1.0,1,122,6100,6100.0,122,6100,[122],[6100],"[24,25,24,25,24]",True
8,Subject.8/Fall left/FallLeftS8.avi,data/interim/caucafall_v5/pose_raw_v1_runs/4df7dd5f-fb38-4908-8233-1a81deb8dc05/Subject.8/Fall left/FallLeftS8.npz,Fall left,fall,train,202,10100,73,129,0.3613861386138614,0.6386138613861386,1,129,6450,6450.0,129,6450,[129],[6450],"[0,40,40,41,8]",False
8,Subject.8/Fall right/FallRightS8.avi,data/interim/caucafall_v5/pose_raw_v1_runs/4df7dd5f-fb38-4908-8233-1a81deb8dc05/Subject.8/Fall right/FallRightS8.npz,Fall right,fall,train,229,11450,34,195,0.14847161572052403,0.851528384279476,2,43,2150,4875.0,152,7600,"[43,152]","[2150,7600]","[43,15,45,46,46]",False
8,Subject.8/Fall sitting/FallSittingS8.avi,data/interim/caucafall_v5/pose_raw_v1_runs/4df7dd5f-fb38-4908-8233-1a81deb8dc05/Subject.8/Fall sitting/FallSittingS8.npz,Fall sitting,fall,train,234,11700,201,33,0.8589743589743589,0.14102564102564102,2,1,50,825.0,32,1600,"[32,1]","[1600,50]","[32,1,0,0,0]",False
8,Subject.8/Hop/HopS8.avi,data/interim/caucafall_v5/pose_raw_v1_runs/4df7dd5f-fb38-4908-8233-1a81deb8dc05/Subject.8/Hop/HopS8.npz,Hop,non_fall,train,166,8300,156,10,0.9397590361445783,0.060240963855421686,1,10,500,500.0,10,500,[10],[500],"[10,0,0,0,0]",False
8,Subject.8/Kneel/KneelS8.avi,data/interim/caucafall_v5/pose_raw_v1_runs/4df7dd5f-fb38-4908-8233-1a81deb8dc05/Subject.8/Kneel/KneelS8.npz,Kneel,non_fall,train,256,12800,181,75,0.70703125,0.29296875,2,3,150,1875.0,72,3600,"[3,72]","[150,3600]","[3,0,35,37,0]",False
8,Subject.8/Pick up object/PickupobjectS8.avi,data/interim/caucafall_v5/pose_raw_v1_runs/4df7dd5f-fb38-4908-8233-1a81deb8dc05/Subject.8/Pick up object/PickupobjectS8.npz,Pick up object,non_fall,train,266,13300,245,21,0.9210526315789473,0.07894736842105263,1,21,1050,1050.0,21,1050,[21],[1050],"[21,0,0,0,0]",False
8,Subject.8/Sit down/SitDownS8.avi,data/interim/caucafall_v5/pose_raw_v1_runs/4df7dd5f-fb38-4908-8233-1a81deb8dc05/Subject.8/Sit down/SitDownS8.npz,Sit down,non_fall,train,212,10600,174,38,0.8207547169811321,0.1792452830188679,1,38,1900,1900.0,38,1900,[38],[1900],"[38,0,0,0,0]",False
8,Subject.8/Walk/WalkS8.avi,data/interim/caucafall_v5/pose_raw_v1_runs/4df7dd5f-fb38-4908-8233-1a81deb8dc05/Subject.8/Walk/WalkS8.npz,Walk,non_fall,train,216,10800,216,0,1.0,0.0,0,,,,,,[],[],"[0,0,0,0,0]",False
9,Subject.9/Fall backwards/FallBackwardsS9.avi,data/interim/caucafall_v5/pose_raw_v1_runs/4df7dd5f-fb38-4908-8233-1a81deb8dc05/Subject.9/Fall backwards/FallBackwardsS9.npz,Fall backwards,fall,train,252,12600,252,0,1.0,0.0,0,,,,,,[],[],"[0,0,0,0,0]",False
9,Subject.9/Fall forward/FallForwardS9.avi,data/interim/caucafall_v5/pose_raw_v1_runs/4df7dd5f-fb38-4908-8233-1a81deb8dc05/Subject.9/Fall forward/FallForwardS9.npz,Fall forward,fall,train,148,7400,128,20,0.8648648648648649,0.13513513513513514,2,1,50,500.0,19,950,"[19,1]","[950,50]","[19,1,0,0,0]",False
9,Subject.9/Fall left/FallLeftS9.avi,data/interim/caucafall_v5/pose_raw_v1_runs/4df7dd5f-fb38-4908-8233-1a81deb8dc05/Subject.9/Fall left/FallLeftS9.npz,Fall left,fall,train,207,10350,104,103,0.5024154589371981,0.4975845410628019,48,1,50,50.0,15,750,"[3,1,3,3,1,15,8,1,2,1,2,1,1,1,1,1,1,1,1,2,1,1,1,1,1,1,3,1,1,1,1,1,1,1,1,3,1,8,1,7,1,2,1,2,3,5,1,1]","[150,50,150,150,50,750,400,50,100,50,100,50,50,50,50,50,50,50,50,100,50,50,50,50,50,50,150,50,50,50,50,50,50,50,50,150,50,400,50,350,50,100,50,100,150,250,50,50]","[6,23,23,25,26]",False
9,Subject.9/Fall right/FallRightS9.avi,data/interim/caucafall_v5/pose_raw_v1_runs/4df7dd5f-fb38-4908-8233-1a81deb8dc05/Subject.9/Fall right/FallRightS9.npz,Fall right,fall,train,189,9450,180,9,0.9523809523809523,0.047619047619047616,1,9,450,450.0,9,450,[9],[450],"[9,0,0,0,0]",False
9,Subject.9/Fall sitting/FallSittingS9.avi,data/interim/caucafall_v5/pose_raw_v1_runs/4df7dd5f-fb38-4908-8233-1a81deb8dc05/Subject.9/Fall sitting/FallSittingS9.npz,Fall sitting,fall,train,216,10800,215,1,0.9953703703703703,0.004629629629629629,1,1,50,50.0,1,50,[1],[50],"[0,1,0,0,0]",False
9,Subject.9/Hop/HopS9.avi,data/interim/caucafall_v5/pose_raw_v1_runs/4df7dd5f-fb38-4908-8233-1a81deb8dc05/Subject.9/Hop/HopS9.npz,Hop,non_fall,train,212,10600,210,2,0.9905660377358491,0.009433962264150943,1,2,100,100.0,2,100,[2],[100],"[2,0,0,0,0]",False
9,Subject.9/Kneel/KneelS9.avi,data/interim/caucafall_v5/pose_raw_v1_runs/4df7dd5f-fb38-4908-8233-1a81deb8dc05/Subject.9/Kneel/KneelS9.npz,Kneel,non_fall,train,216,10800,203,13,0.9398148148148148,0.06018518518518518,5,1,50,50.0,7,350,"[3,1,1,1,7]","[150,50,50,50,350]","[3,0,10,0,0]",False
9,Subject.9/Pick up object/PickupobjectS9.avi,data/interim/caucafall_v5/pose_raw_v1_runs/4df7dd5f-fb38-4908-8233-1a81deb8dc05/Subject.9/Pick up object/PickupobjectS9.npz,Pick up object,non_fall,train,220,11000,212,8,0.9636363636363636,0.03636363636363636,1,8,400,400.0,8,400,[8],[400],"[8,0,0,0,0]",False
9,Subject.9/Sit down/SitDownS9.avi,data/interim/caucafall_v5/pose_raw_v1_runs/4df7dd5f-fb38-4908-8233-1a81deb8dc05/Subject.9/Sit down/SitDownS9.npz,Sit down,non_fall,train,238,11900,208,30,0.8739495798319328,0.12605042016806722,5,3,150,150.0,13,650,"[3,3,8,3,13]","[150,150,400,150,650]","[6,24,0,0,0]",False
9,Subject.9/Walk/WalkS9.avi,data/interim/caucafall_v5/pose_raw_v1_runs/4df7dd5f-fb38-4908-8233-1a81deb8dc05/Subject.9/Walk/WalkS9.npz,Walk,non_fall,train,234,11700,199,35,0.8504273504273504,0.14957264957264957,1,35,1750,1750.0,35,1750,[35],[1750],"[35,0,0,0,0]",False
