subject_id,activity,source_video,split,avi_path,stage2_frame_count,decoded_avi_frame_count,png_count,annotation_txt_count,classes_txt_presence,classes_txt_contents,png_without_txt_count,txt_without_png_count,png_minus_avi,txt_minus_avi,png_first_filename,png_last_filename,png_first_index,png_last_index,png_contiguous,png_duplicate_indices,png_gaps,png_unparsed,png_prefixes,png_suffix_variants,png_index_minus_ordinal,txt_first_filename,txt_last_filename,txt_first_index,txt_last_index,txt_contiguous,txt_duplicate_indices,txt_gaps,txt_unparsed,txt_prefixes,txt_suffix_variants,txt_index_minus_ordinal,invalid_annotations,direct_ordinal_exact_frames,exact_image_mapped_frames,exact_annotation_mapped_frames,unresolved_avi_frames,unmapped_png_count,png_duplicate_pixel_groups,avi_duplicate_pixel_groups,mapping_offsets,png_unreadable,fps,width,height,frame_count,backend,matches_stage2_count
1,Fall backwards,Subject.1/Fall backwards/FallBackwardsS1.avi,train,data/raw/caucafall_v5/CAUCAFall/Subject.1/Fall backwards/FallBackwardsS1.avi,125,125,126,126,True,"[""nofall"",""fall""]",0,0,1,1,cas100001.png,cas100126.png,100001,100126,True,[],[],[],"[""cas""]",[],[100001],cas100001.txt,cas100126.txt,100001,100126,True,[],[],[],"[""cas""]",[],[100001],0,0,0,0,125,126,[],[],[],[],20.0,720.0,480.0,125.0,FFMPEG,True
1,Fall forward,Subject.1/Fall forward/FallForwardS1.avi,train,data/raw/caucafall_v5/CAUCAFall/Subject.1/Fall forward/FallForwardS1.avi,190,190,191,191,True,"[""nofall"",""fall""]",0,0,1,1,cfs1-00001.png,cfs1-00191.png,1,191,True,[],[],[],"[""cfs1-""]",[],[1],cfs1-00001.txt,cfs1-00191.txt,1,191,True,[],[],[],"[""cfs1-""]",[],[1],0,0,0,0,190,191,"[[12,13]]",[],[],[],20.0,720.0,480.0,190.0,FFMPEG,True
1,Fall left,Subject.1/Fall left/FallLeftS1.avi,train,data/raw/caucafall_v5/CAUCAFall/Subject.1/Fall left/FallLeftS1.avi,86,86,87,87,True,"[""nofall"",""fall""]",0,0,1,1,cis100001.png,cis100087.png,100001,100087,True,[],[],[],"[""cis""]",[],[100001],cis100001.txt,cis100087.txt,100001,100087,True,[],[],[],"[""cis""]",[],[100001],0,0,0,0,86,87,"[[5,6],[71,72]]",[],[],[],20.0,720.0,480.0,86.0,FFMPEG,True
1,Fall right,Subject.1/Fall right/FallRightS1.avi,train,data/raw/caucafall_v5/CAUCAFall/Subject.1/Fall right/FallRightS1.avi,114,114,115,115,True,"[""nofall"",""fall""]",0,0,1,1,cds100001.png,cds100115.png,100001,100115,True,[],[],[],"[""cds""]",[],[100001],cds100001.txt,cds100115.txt,100001,100115,True,[],[],[],"[""cds""]",[],[100001],0,0,0,0,114,115,[],[],[],[],20.0,720.0,480.0,114.0,FFMPEG,True
1,Fall sitting,Subject.1/Fall sitting/FallSittingS1.avi,train,data/raw/caucafall_v5/CAUCAFall/Subject.1/Fall sitting/FallSittingS1.avi,182,182,183,183,True,"[""nofall"",""fall""]",0,0,1,1,css100001.png,css100183.png,100001,100183,True,[],[],[],"[""css""]",[],[100001],css100001.txt,css100183.txt,100001,100183,True,[],[],[],"[""css""]",[],[100001],0,0,0,0,182,183,"[[89,90],[116,117,118],[119,120,121,122]]",[],[],[],20.0,720.0,480.0,182.0,FFMPEG,True
1,Hop,Subject.1/Hop/HopS1.avi,train,data/raw/caucafall_v5/CAUCAFall/Subject.1/Hop/HopS1.avi,182,182,183,183,True,"[""nofall""]",0,0,1,1,sals100001.png,sals100183.png,100001,100183,True,[],[],[],"[""sals""]",[],[100001],sals100001.txt,sals100183.txt,100001,100183,True,[],[],[],"[""sals""]",[],[100001],0,0,0,0,182,183,[],[],[],[],20.0,720.0,480.0,182.0,FFMPEG,True
1,Kneel,Subject.1/Kneel/KneelS1.avi,train,data/raw/caucafall_v5/CAUCAFall/Subject.1/Kneel/KneelS1.avi,219,219,220,220,True,"[""nofall""]",0,0,1,1,ars100001.png,ars100220.png,100001,100220,True,[],[],[],"[""ars""]",[],[100001],ars100001.txt,ars100220.txt,100001,100220,True,[],[],[],"[""ars""]",[],[100001],0,0,0,0,219,220,"[[8,9]]",[],[],[],20.0,720.0,480.0,219.0,FFMPEG,True
1,Pick up object,Subject.1/Pick up object/PickupobjectS1.avi,train,data/raw/caucafall_v5/CAUCAFall/Subject.1/Pick up object/PickupobjectS1.avi,117,117,118,118,True,"[""nofall""]",0,0,1,1,res100001.png,res100118.png,100001,100118,True,[],[],[],"[""res""]",[],[100001],res100001.txt,res100118.txt,100001,100118,True,[],[],[],"[""res""]",[],[100001],0,0,0,0,117,118,[],[],[],[],20.0,720.0,480.0,117.0,FFMPEG,True
1,Sit down,Subject.1/Sit down/SitDownS1.avi,train,data/raw/caucafall_v5/CAUCAFall/Subject.1/Sit down/SitDownS1.avi,187,187,188,188,True,"[""nofall""]",0,0,1,1,ses100001.png,ses100189.png,100001,100189,False,[],"[[100148,100148]]",[],"[""ses""]",[],"[100001,100002]",ses100001.txt,ses100189.txt,100001,100189,False,[],"[[100148,100148]]",[],"[""ses""]",[],"[100001,100002]",0,0,0,0,187,188,[],[],[],[],20.0,720.0,480.0,187.0,FFMPEG,True
1,Walk,Subject.1/Walk/WalkS1.avi,train,data/raw/caucafall_v5/CAUCAFall/Subject.1/Walk/WalkS1.avi,242,242,243,243,True,"[""nofall""]",0,0,1,1,cams100001.png,cams100243.png,100001,100243,True,[],[],[],"[""cams""]",[],[100001],cams100001.txt,cams100243.txt,100001,100243,True,[],[],[],"[""cams""]",[],[100001],0,0,0,0,242,243,[],[],[],[],20.0,720.0,480.0,242.0,FFMPEG,True
2,Fall backwards,Subject.2/Fall backwards/FallBackwardsS2.avi,train,data/raw/caucafall_v5/CAUCAFall/Subject.2/Fall backwards/FallBackwardsS2.avi,119,119,121,121,True,"[""nofall"",""fall""]",1,1,2,2,cas200001.png,cas200121.png,200001,200121,True,[],[],[],"[""cas""]","[""cas200091 - copia.png""]",[200001],cas200001.txt,cas200121.txt,200001,200121,True,[],[],[],"[""cas""]",[],[200001],0,0,0,0,119,121,"[[90,91]]",[],[],[],20.0,720.0,480.0,119.0,FFMPEG,True
2,Fall forward,Subject.2/Fall forward/FallForwardS2.avi,train,data/raw/caucafall_v5/CAUCAFall/Subject.2/Fall forward/FallForwardS2.avi,106,106,107,107,True,"[""nofall"",""fall""]",0,0,1,1,cfs200001.png,cfs200107.png,200001,200107,True,[],[],[],"[""cfs""]",[],[200001],cfs200001.txt,cfs200107.txt,200001,200107,True,[],[],[],"[""cfs""]",[],[200001],0,0,0,0,106,107,[],[],[],[],20.0,720.0,480.0,106.0,FFMPEG,True
2,Fall left,Subject.2/Fall left/FallLeftS2.avi,train,data/raw/caucafall_v5/CAUCAFall/Subject.2/Fall left/FallLeftS2.avi,109,109,110,110,True,"[""nofall"",""fall""]",0,0,1,1,cis200001.png,cis200110.png,200001,200110,True,[],[],[],"[""cis""]",[],[200001],cis200001.txt,cis200110.txt,200001,200110,True,[],[],[],"[""cis""]",[],[200001],0,0,0,0,109,110,[],[],[],[],20.0,720.0,480.0,109.0,FFMPEG,True
2,Fall right,Subject.2/Fall right/FallRightS2.avi,train,data/raw/caucafall_v5/CAUCAFall/Subject.2/Fall right/FallRightS2.avi,146,146,147,147,True,"[""nofall"",""fall""]",0,0,1,1,cds200001.png,cds200147.png,200001,200147,True,[],[],[],"[""cds""]",[],[200001],cds200001.txt,cds200147.txt,200001,200147,True,[],[],[],"[""cds""]",[],[200001],0,0,0,0,146,147,[],[],[],[],20.0,720.0,480.0,146.0,FFMPEG,True
2,Fall sitting,Subject.2/Fall sitting/FallSittingS2.avi,train,data/raw/caucafall_v5/CAUCAFall/Subject.2/Fall sitting/FallSittingS2.avi,157,157,158,158,True,"[""nofall"",""fall""]",0,0,1,1,css200001.png,css200158.png,200001,200158,True,[],[],[],"[""css""]",[],[200001],css200001.txt,css200158.txt,200001,200158,True,[],[],[],"[""css""]",[],[200001],0,0,0,0,157,158,[],[],[],[],20.0,720.0,480.0,157.0,FFMPEG,True
2,Hop,Subject.2/Hop/HopS2.avi,train,data/raw/caucafall_v5/CAUCAFall/Subject.2/Hop/HopS2.avi,171,171,172,172,True,"[""nofall""]",0,0,1,1,sals200001.png,sals200172.png,200001,200172,True,[],[],[],"[""sals""]",[],[200001],sals200001.txt,sals200172.txt,200001,200172,True,[],[],[],"[""sals""]",[],[200001],0,0,0,0,171,172,"[[106,107]]",[],[],[],20.0,720.0,480.0,171.0,FFMPEG,True
2,Kneel,Subject.2/Kneel/KneelS2.avi,train,data/raw/caucafall_v5/CAUCAFall/Subject.2/Kneel/KneelS2.avi,130,130,131,131,True,"[""nofall""]",0,0,1,1,ars200001.png,ars200131.png,200001,200131,True,[],[],[],"[""ars""]",[],[200001],ars200001.txt,ars200131.txt,200001,200131,True,[],[],[],"[""ars""]",[],[200001],0,0,0,0,130,131,[],[],[],[],20.0,720.0,480.0,130.0,FFMPEG,True
2,Pick up object,Subject.2/Pick up object/PickupobjectS2.avi,train,data/raw/caucafall_v5/CAUCAFall/Subject.2/Pick up object/PickupobjectS2.avi,166,166,167,167,True,"[""nofall""]",0,0,1,1,res200001.png,res200167.png,200001,200167,True,[],[],[],"[""res""]",[],[200001],res200001.txt,res200167.txt,200001,200167,True,[],[],[],"[""res""]",[],[200001],0,0,0,0,166,167,"[[142,143]]",[],[],[],20.0,720.0,480.0,166.0,FFMPEG,True
2,Sit down,Subject.2/Sit down/SitDownS2.avi,train,data/raw/caucafall_v5/CAUCAFall/Subject.2/Sit down/SitDownS2.avi,112,112,113,113,True,"[""nofall""]",0,0,1,1,ses200001.png,ses200113.png,200001,200113,True,[],[],[],"[""ses""]",[],[200001],ses200001.txt,ses200113.txt,200001,200113,True,[],[],[],"[""ses""]",[],[200001],0,0,0,0,112,113,[],[],[],[],20.0,720.0,480.0,112.0,FFMPEG,True
2,Walk,Subject.2/Walk/WalkS2.avi,train,data/raw/caucafall_v5/CAUCAFall/Subject.2/Walk/WalkS2.avi,244,244,245,245,True,"[""nofall""]",0,0,1,1,cams200001.png,cams200245.png,200001,200245,True,[],[],[],"[""cams""]",[],[200001],cams200001.txt,cams200245.txt,200001,200245,True,[],[],[],"[""cams""]",[],[200001],0,0,0,0,244,245,"[[191,192]]",[],[],[],20.0,720.0,480.0,244.0,FFMPEG,True
3,Fall backwards,Subject.3/Fall backwards/FallBackwardsS3.avi,train,data/raw/caucafall_v5/CAUCAFall/Subject.3/Fall backwards/FallBackwardsS3.avi,166,166,167,167,True,"[""nofall"",""fall""]",0,0,1,1,cas300001.png,cas300167.png,300001,300167,True,[],[],[],"[""cas""]",[],[300001],cas300001.txt,cas300167.txt,300001,300167,True,[],[],[],"[""cas""]",[],[300001],0,0,0,0,166,167,[],[],[],[],20.0,720.0,480.0,166.0,FFMPEG,True
3,Fall forward,Subject.3/Fall forward/FallForwardS3.avi,train,data/raw/caucafall_v5/CAUCAFall/Subject.3/Fall forward/FallForwardS3.avi,153,153,154,154,True,"[""nofall"",""fall""]",0,0,1,1,cfs300001.png,cfs300154.png,300001,300154,True,[],[],[],"[""cfs""]",[],[300001],cfs300001.txt,cfs300154.txt,300001,300154,True,[],[],[],"[""cfs""]",[],[300001],0,0,0,0,153,154,[],[],[],[],20.0,720.0,480.0,153.0,FFMPEG,True
3,Fall left,Subject.3/Fall left/FallLeftS3.avi,train,data/raw/caucafall_v5/CAUCAFall/Subject.3/Fall left/FallLeftS3.avi,171,171,172,172,True,"[""nofall"",""fall""]",0,0,1,1,cis300001.png,cis300172.png,300001,300172,True,[],[],[],"[""cis""]",[],[300001],cis300001.txt,cis300172.txt,300001,300172,True,[],[],[],"[""cis""]",[],[300001],0,0,0,0,171,172,[],[],[],[],20.0,720.0,480.0,171.0,FFMPEG,True
3,Fall right,Subject.3/Fall right/FallRightS3.avi,train,data/raw/caucafall_v5/CAUCAFall/Subject.3/Fall right/FallRightS3.avi,220,220,221,221,True,"[""nofall"",""fall""]",0,0,1,1,cds300001.png,cds300221.png,300001,300221,True,[],[],[],"[""cds""]",[],[300001],cds300001.txt,cds300221.txt,300001,300221,True,[],[],[],"[""cds""]",[],[300001],0,0,0,0,220,221,[],[],[],[],20.0,720.0,480.0,220.0,FFMPEG,True
3,Fall sitting,Subject.3/Fall sitting/FallSittingS3.avi,train,data/raw/caucafall_v5/CAUCAFall/Subject.3/Fall sitting/FallSittingS3.avi,202,202,203,203,True,"[""nofall"",""fall""]",0,0,1,1,css300001.png,css300203.png,300001,300203,True,[],[],[],"[""css""]",[],[300001],css300001.txt,css300203.txt,300001,300203,True,[],[],[],"[""css""]",[],[300001],0,0,0,0,202,203,[],[],[],[],20.0,720.0,480.0,202.0,FFMPEG,True
3,Hop,Subject.3/Hop/HopS3.avi,train,data/raw/caucafall_v5/CAUCAFall/Subject.3/Hop/HopS3.avi,162,162,163,163,True,"[""nofall""]",0,0,1,1,sals300001.png,sals300163.png,300001,300163,True,[],[],[],"[""sals""]",[],[300001],sals300001.txt,sals300163.txt,300001,300163,True,[],[],[],"[""sals""]",[],[300001],0,0,0,0,162,163,[],[],[],[],20.0,720.0,480.0,162.0,FFMPEG,True
3,Kneel,Subject.3/Kneel/KneelS3.avi,train,data/raw/caucafall_v5/CAUCAFall/Subject.3/Kneel/KneelS3.avi,213,213,214,214,True,"[""nofall""]",0,0,1,1,ars300001.png,ars300214.png,300001,300214,True,[],[],[],"[""ars""]",[],[300001],ars300001.txt,ars300214.txt,300001,300214,True,[],[],[],"[""ars""]",[],[300001],0,0,0,0,213,214,[],[],[],[],20.0,720.0,480.0,213.0,FFMPEG,True
3,Pick up object,Subject.3/Pick up object/PickupobjectS3.avi,train,data/raw/caucafall_v5/CAUCAFall/Subject.3/Pick up object/PickupobjectS3.avi,186,186,187,187,True,"[""nofall""]",0,0,1,1,res300001.png,res300187.png,300001,300187,True,[],[],[],"[""res""]",[],[300001],res300001.txt,res300187.txt,300001,300187,True,[],[],[],"[""res""]",[],[300001],0,0,0,0,186,187,[],[],[],[],20.0,720.0,480.0,186.0,FFMPEG,True
3,Sit down,Subject.3/Sit down/SitDownS3.avi,train,data/raw/caucafall_v5/CAUCAFall/Subject.3/Sit down/SitDownS3.avi,261,261,262,262,True,"[""nofall""]",0,0,1,1,ses300001.png,ses300262.png,300001,300262,True,[],[],[],"[""ses""]",[],[300001],ses300001.txt,ses300262.txt,300001,300262,True,[],[],[],"[""ses""]",[],[300001],0,0,0,0,261,262,[],[],[],[],20.0,720.0,480.0,261.0,FFMPEG,True
3,Walk,Subject.3/Walk/WalkS3.avi,train,data/raw/caucafall_v5/CAUCAFall/Subject.3/Walk/WalkS3.avi,176,176,177,177,True,"[""nofall""]",0,0,1,1,cams300001.png,cams300177.png,300001,300177,True,[],[],[],"[""cams""]",[],[300001],cams300001.txt,cams300177.txt,300001,300177,True,[],[],[],"[""cams""]",[],[300001],0,0,0,0,176,177,[],[],[],[],20.0,720.0,480.0,176.0,FFMPEG,True
4,Fall backwards,Subject.4/Fall backwards/FallBackwardsS4.avi,train,data/raw/caucafall_v5/CAUCAFall/Subject.4/Fall backwards/FallBackwardsS4.avi,192,192,193,193,True,"[""nofall"",""fall""]",0,0,1,1,cas400001.png,cas400193.png,400001,400193,True,[],[],[],"[""cas""]",[],[400001],cas400001.txt,cas400193.txt,400001,400193,True,[],[],[],"[""cas""]",[],[400001],0,0,0,0,192,193,[],[],[],[],20.0,720.0,480.0,192.0,FFMPEG,True
4,Fall forward,Subject.4/Fall forward/FallForwardS4.avi,train,data/raw/caucafall_v5/CAUCAFall/Subject.4/Fall forward/FallForwardS4.avi,168,168,169,169,True,"[""nofall"",""fall""]",0,0,1,1,cfs400001.png,cfs400169.png,400001,400169,True,[],[],[],"[""cfs""]",[],[400001],cfs400001.txt,cfs400169.txt,400001,400169,True,[],[],[],"[""cfs""]",[],[400001],0,0,0,0,168,169,"[[0,1]]",[],[],[],20.0,720.0,480.0,168.0,FFMPEG,True
4,Fall left,Subject.4/Fall left/FallLeftS4.avi,train,data/raw/caucafall_v5/CAUCAFall/Subject.4/Fall left/FallLeftS4.avi,162,162,163,163,True,"[""nofall"",""fall""]",0,0,1,1,cis400001.png,cis400163.png,400001,400163,True,[],[],[],"[""cis""]",[],[400001],cis400001.txt,cis400163.txt,400001,400163,True,[],[],[],"[""cis""]",[],[400001],0,0,0,0,162,163,[],[],[],[],20.0,720.0,480.0,162.0,FFMPEG,True
4,Fall right,Subject.4/Fall right/FallRightS4.avi,train,data/raw/caucafall_v5/CAUCAFall/Subject.4/Fall right/FallRightS4.avi,150,150,151,151,True,"[""nofall"",""fall""]",0,0,1,1,cds400001.png,cds400151.png,400001,400151,True,[],[],[],"[""cds""]",[],[400001],cds400001.txt,cds400151.txt,400001,400151,True,[],[],[],"[""cds""]",[],[400001],0,0,0,0,150,151,[],[],[],[],20.0,720.0,480.0,150.0,FFMPEG,True
4,Fall sitting,Subject.4/Fall sitting/FallSittingS4.avi,train,data/raw/caucafall_v5/CAUCAFall/Subject.4/Fall sitting/FallSittingS4.avi,198,198,199,199,True,"[""nofall"",""fall""]",0,0,1,1,css400001.png,css400199.png,400001,400199,True,[],[],[],"[""css""]",[],[400001],css400001.txt,css400199.txt,400001,400199,True,[],[],[],"[""css""]",[],[400001],0,0,0,0,198,199,[],[],[],[],20.0,720.0,480.0,198.0,FFMPEG,True
4,Hop,Subject.4/Hop/HopS4.avi,train,data/raw/caucafall_v5/CAUCAFall/Subject.4/Hop/HopS4.avi,144,144,145,145,True,"[""nofall""]",0,0,1,1,sals400001.png,sals400145.png,400001,400145,True,[],[],[],"[""sals""]",[],[400001],sals400001.txt,sals400145.txt,400001,400145,True,[],[],[],"[""sals""]",[],[400001],0,0,0,0,144,145,[],[],[],[],20.0,720.0,480.0,144.0,FFMPEG,True
4,Kneel,Subject.4/Kneel/KneelS4.avi,train,data/raw/caucafall_v5/CAUCAFall/Subject.4/Kneel/KneelS4.avi,222,222,223,223,True,"[""nofall""]",0,0,1,1,ars400001.png,ars400223.png,400001,400223,True,[],[],[],"[""ars""]",[],[400001],ars400001.txt,ars400223.txt,400001,400223,True,[],[],[],"[""ars""]",[],[400001],0,0,0,0,222,223,[],[],[],[],20.0,720.0,480.0,222.0,FFMPEG,True
4,Pick up object,Subject.4/Pick up object/PickupobjectS4.avi,train,data/raw/caucafall_v5/CAUCAFall/Subject.4/Pick up object/PickupobjectS4.avi,179,179,180,180,True,"[""nofall""]",0,0,1,1,res400001.png,res400180.png,400001,400180,True,[],[],[],"[""res""]",[],[400001],res400001.txt,res400180.txt,400001,400180,True,[],[],[],"[""res""]",[],[400001],0,0,0,0,179,180,"[[169,170,171,172,173,174,175,176,177,178,179]]","[[174,176,178],[175,177]]",[],[],20.0,720.0,480.0,179.0,FFMPEG,True
4,Sit down,Subject.4/Sit down/SitDownS4.avi,train,data/raw/caucafall_v5/CAUCAFall/Subject.4/Sit down/SitDownS4.avi,199,199,200,200,True,"[""nofall""]",0,0,1,1,ses400001.png,ses400200.png,400001,400200,True,[],[],[],"[""ses""]",[],[400001],ses400001.txt,ses400200.txt,400001,400200,True,[],[],[],"[""ses""]",[],[400001],0,0,0,0,199,200,[],[],[],[],20.0,720.0,480.0,199.0,FFMPEG,True
4,Walk,Subject.4/Walk/WalkS4.avi,train,data/raw/caucafall_v5/CAUCAFall/Subject.4/Walk/WalkS4.avi,240,240,241,241,True,"[""nofall""]",0,0,1,1,cams400001.png,cams400241.png,400001,400241,True,[],[],[],"[""cams""]",[],[400001],cams400001.txt,cams400241.txt,400001,400241,True,[],[],[],"[""cams""]",[],[400001],0,0,0,0,240,241,[],[],[],[],20.0,720.0,480.0,240.0,FFMPEG,True
8,Fall backwards,Subject.8/Fall backwards/FallBackwardsS8.avi,train,data/raw/caucafall_v5/CAUCAFall/Subject.8/Fall backwards/FallBackwardsS8.avi,212,212,213,213,True,"[""nofall"",""fall""]",0,0,1,1,cas800001.png,cas800213.png,800001,800213,True,[],[],[],"[""cas""]",[],[800001],cas800001.txt,cas800213.txt,800001,800213,True,[],[],[],"[""cas""]",[],[800001],0,0,0,0,212,213,[],[],[],[],20.0,720.0,480.0,212.0,FFMPEG,True
8,Fall forward,Subject.8/Fall forward/FallForwardS8.avi,train,data/raw/caucafall_v5/CAUCAFall/Subject.8/Fall forward/FallForwardS8.avi,122,122,123,123,True,"[""nofall"",""fall""]",0,0,1,1,cfs800001.png,cfs800123.png,800001,800123,True,[],[],[],"[""cfs""]",[],[800001],cfs800001.txt,cfs800123.txt,800001,800123,True,[],[],[],"[""cfs""]",[],[800001],0,0,0,0,122,123,[],[],[],[],20.0,720.0,480.0,122.0,FFMPEG,True
8,Fall left,Subject.8/Fall left/FallLeftS8.avi,train,data/raw/caucafall_v5/CAUCAFall/Subject.8/Fall left/FallLeftS8.avi,202,202,203,203,True,"[""nofall"",""fall""]",0,0,1,1,cis800001.png,cis800203.png,800001,800203,True,[],[],[],"[""cis""]",[],[800001],cis800001.txt,cis800203.txt,800001,800203,True,[],[],[],"[""cis""]",[],[800001],0,0,0,0,202,203,[],[],[],[],20.0,720.0,480.0,202.0,FFMPEG,True
8,Fall right,Subject.8/Fall right/FallRightS8.avi,train,data/raw/caucafall_v5/CAUCAFall/Subject.8/Fall right/FallRightS8.avi,229,229,230,230,True,"[""nofall"",""fall""]",0,0,1,1,cds800001.png,cds800230.png,800001,800230,True,[],[],[],"[""cds""]",[],[800001],cds800001.txt,cds800230.txt,800001,800230,True,[],[],[],"[""cds""]",[],[800001],0,0,0,0,229,230,[],[],[],[],20.0,720.0,480.0,229.0,FFMPEG,True
8,Fall sitting,Subject.8/Fall sitting/FallSittingS8.avi,train,data/raw/caucafall_v5/CAUCAFall/Subject.8/Fall sitting/FallSittingS8.avi,234,234,235,235,True,"[""nofall"",""fall""]",0,0,1,1,css800001.png,css800235.png,800001,800235,True,[],[],[],"[""css""]",[],[800001],css800001.txt,css800235.txt,800001,800235,True,[],[],[],"[""css""]",[],[800001],0,0,0,0,234,235,[],[],[],[],20.0,720.0,480.0,234.0,FFMPEG,True
8,Hop,Subject.8/Hop/HopS8.avi,train,data/raw/caucafall_v5/CAUCAFall/Subject.8/Hop/HopS8.avi,166,166,167,167,True,"[""nofall""]",1,1,1,1,sals800001.png,sals800167.png,800001,800167,True,[],[],[],"[""sals""]",[],[800001],sals800001.txt,sals800167.txt,800001,800167,True,[],[],[],"[""sals""]","[""sals800096a.txt""]",[800001],0,0,0,0,166,167,[],[],[],[],20.0,720.0,480.0,166.0,FFMPEG,True
8,Kneel,Subject.8/Kneel/KneelS8.avi,train,data/raw/caucafall_v5/CAUCAFall/Subject.8/Kneel/KneelS8.avi,256,256,257,257,True,"[""nofall""]",0,0,1,1,ars800001.png,ars800257.png,800001,800257,True,[],[],[],"[""ars""]",[],[800001],ars800001.txt,ars800257.txt,800001,800257,True,[],[],[],"[""ars""]",[],[800001],0,0,0,0,256,257,[],[],[],[],20.0,720.0,480.0,256.0,FFMPEG,True
8,Pick up object,Subject.8/Pick up object/PickupobjectS8.avi,train,data/raw/caucafall_v5/CAUCAFall/Subject.8/Pick up object/PickupobjectS8.avi,266,266,267,267,True,"[""nofall""]",1,1,1,1,res800001.png,res800267.png,800001,800267,True,[],[],[],"[""res""]",[],[800001],res800001.txt,res800267.txt,800001,800267,True,[],[],[],"[""res""]","[""res800090a.txt""]",[800001],0,0,0,0,266,267,[],[],[],[],20.0,720.0,480.0,266.0,FFMPEG,True
8,Sit down,Subject.8/Sit down/SitDownS8.avi,train,data/raw/caucafall_v5/CAUCAFall/Subject.8/Sit down/SitDownS8.avi,212,212,213,213,True,"[""nofall""]",0,0,1,1,ses800001.png,ses800213.png,800001,800213,True,[],[],[],"[""ses""]",[],[800001],ses800001.txt,ses800213.txt,800001,800213,True,[],[],[],"[""ses""]",[],[800001],0,0,0,0,212,213,[],[],[],[],20.0,720.0,480.0,212.0,FFMPEG,True
8,Walk,Subject.8/Walk/WalkS8.avi,train,data/raw/caucafall_v5/CAUCAFall/Subject.8/Walk/WalkS8.avi,216,216,217,217,True,"[""nofall""]",0,0,1,1,cams800001.png,cams800217.png,800001,800217,True,[],[],[],"[""cams""]",[],[800001],cams800001.txt,cams800217.txt,800001,800217,True,[],[],[],"[""cams""]",[],[800001],0,0,0,0,216,217,[],[],[],[],20.0,720.0,480.0,216.0,FFMPEG,True
9,Fall backwards,Subject.9/Fall backwards/FallBackwardsS9.avi,train,data/raw/caucafall_v5/CAUCAFall/Subject.9/Fall backwards/FallBackwardsS9.avi,252,252,253,253,True,"[""nofall"",""fall""]",0,0,1,1,cas900001.png,cas900253.png,900001,900253,True,[],[],[],"[""cas""]",[],[900001],cas900001.txt,cas900253.txt,900001,900253,True,[],[],[],"[""cas""]",[],[900001],0,0,0,0,252,253,"[[218,219]]",[],[],[],20.0,720.0,480.0,252.0,FFMPEG,True
9,Fall forward,Subject.9/Fall forward/FallForwardS9.avi,train,data/raw/caucafall_v5/CAUCAFall/Subject.9/Fall forward/FallForwardS9.avi,148,148,149,149,True,"[""nofall"",""fall""]",0,0,1,1,cfs900001.png,cfs900149.png,900001,900149,True,[],[],[],"[""cfs""]",[],[900001],cfs900001.txt,cfs900149.txt,900001,900149,True,[],[],[],"[""cfs""]",[],[900001],0,0,0,0,148,149,[],[],[],[],20.0,720.0,480.0,148.0,FFMPEG,True
9,Fall left,Subject.9/Fall left/FallLeftS9.avi,train,data/raw/caucafall_v5/CAUCAFall/Subject.9/Fall left/FallLeftS9.avi,207,207,208,208,True,"[""nofall"",""fall""]",0,0,1,1,cis900001.png,cis900208.png,900001,900208,True,[],[],[],"[""cis""]",[],[900001],cis900001.txt,cis900208.txt,900001,900208,True,[],[],[],"[""cis""]",[],[900001],0,0,0,0,207,208,[],[],[],[],20.0,720.0,480.0,207.0,FFMPEG,True
9,Fall right,Subject.9/Fall right/FallRightS9.avi,train,data/raw/caucafall_v5/CAUCAFall/Subject.9/Fall right/FallRightS9.avi,189,189,190,190,True,"[""nofall"",""fall""]",0,0,1,1,cds900001.png,cds900190.png,900001,900190,True,[],[],[],"[""cds""]",[],[900001],cds900001.txt,cds900190.txt,900001,900190,True,[],[],[],"[""cds""]",[],[900001],0,0,0,0,189,190,[],[],[],[],20.0,720.0,480.0,189.0,FFMPEG,True
9,Fall sitting,Subject.9/Fall sitting/FallSittingS9.avi,train,data/raw/caucafall_v5/CAUCAFall/Subject.9/Fall sitting/FallSittingS9.avi,216,216,217,217,True,"[""nofall"",""fall""]",0,0,1,1,css900001.png,css900217.png,900001,900217,True,[],[],[],"[""css""]",[],[900001],css900001.txt,css900217.txt,900001,900217,True,[],[],[],"[""css""]",[],[900001],0,0,0,0,216,217,"[[179,180,181,182,183,184,185,186,187,188,189,190,191,192,193,194,195,196,197,198,199,200,201,202,203,204,205,206,207,208,209,210,211,212,213,214,215,216]]","[[180,192,204],[181,193,205],[182,194,206],[183,195,207],[184,196,208],[185,197,209],[186,198,210],[187,199,211],[188,190,200,202,212,214],[189,191,201,203,213,215]]",[],[],20.0,720.0,480.0,216.0,FFMPEG,True
9,Hop,Subject.9/Hop/HopS9.avi,train,data/raw/caucafall_v5/CAUCAFall/Subject.9/Hop/HopS9.avi,212,212,213,213,True,"[""nofall""]",0,0,1,1,sals900001.png,sals900213.png,900001,900213,True,[],[],[],"[""sals""]",[],[900001],sals900001.txt,sals900213.txt,900001,900213,True,[],[],[],"[""sals""]",[],[900001],0,0,0,0,212,213,"[[13,14],[59,60]]",[],[],[],20.0,720.0,480.0,212.0,FFMPEG,True
9,Kneel,Subject.9/Kneel/KneelS9.avi,train,data/raw/caucafall_v5/CAUCAFall/Subject.9/Kneel/KneelS9.avi,216,216,217,217,True,"[""nofall""]",0,0,1,1,ars900001.png,ars900217.png,900001,900217,True,[],[],[],"[""ars""]",[],[900001],ars900001.txt,ars900217.txt,900001,900217,True,[],[],[],"[""ars""]",[],[900001],0,0,0,0,216,217,"[[71,72]]",[],[],[],20.0,720.0,480.0,216.0,FFMPEG,True
9,Pick up object,Subject.9/Pick up object/PickupobjectS9.avi,train,data/raw/caucafall_v5/CAUCAFall/Subject.9/Pick up object/PickupobjectS9.avi,220,220,221,221,True,"[""nofall""]",0,0,1,1,res900001.png,res900221.png,900001,900221,True,[],[],[],"[""res""]",[],[900001],res900001.txt,res900221.txt,900001,900221,True,[],[],[],"[""res""]",[],[900001],0,0,0,0,220,221,[],[],[],[],20.0,720.0,480.0,220.0,FFMPEG,True
9,Sit down,Subject.9/Sit down/SitDownS9.avi,train,data/raw/caucafall_v5/CAUCAFall/Subject.9/Sit down/SitDownS9.avi,238,238,239,239,True,"[""nofall""]",0,0,1,1,ses900001.png,ses900239.png,900001,900239,True,[],[],[],"[""ses""]",[],[900001],ses900001.txt,ses900239.txt,900001,900239,True,[],[],[],"[""ses""]",[],[900001],0,0,0,0,238,239,[],[],[],[],20.0,720.0,480.0,238.0,FFMPEG,True
9,Walk,Subject.9/Walk/WalkS9.avi,train,data/raw/caucafall_v5/CAUCAFall/Subject.9/Walk/WalkS9.avi,234,234,235,235,True,"[""nofall""]",1,1,1,1,cams900001.png,cams900235.png,900001,900235,True,[],[],[],"[""cams""]",[],[900001],cams900001.txt,cams900235.txt,900001,900235,True,[],[],[],"[""cams""]","[""cams900140w.txt""]",[900001],0,0,0,0,234,235,[],[],[],[],20.0,720.0,480.0,234.0,FFMPEG,True
