schema_version,run_id,dataset_name,dataset_version,subject_id,original_activity,binary_label,split,source_relative_video_path,source_sha256,output_relative_path,source_fps,width,height,expected_frame_count,extracted_frame_count,pose_detected_count,pose_missing_count,timestamp_method,status,error_type,error_message,error_frame_index
pose_raw_v1,4df7dd5f-fb38-4908-8233-1a81deb8dc05,CAUCAFall,V5,1,Fall backwards,fall,train,Subject.1/Fall backwards/FallBackwardsS1.avi,c314121952a73a157bfb06b8434a653dcdcb0e98eb97d77492419e64965246a9,Subject.1/Fall backwards/FallBackwardsS1.npz,20.0,720,480,125,125,125,0,derived_from_frame_index_and_source_fps,complete,,,
pose_raw_v1,4df7dd5f-fb38-4908-8233-1a81deb8dc05,CAUCAFall,V5,1,Fall forward,fall,train,Subject.1/Fall forward/FallForwardS1.avi,fcd0d92864c70999616e22af619b0bbde020496ce94da2b4c5f24c3efb149bdf,Subject.1/Fall forward/FallForwardS1.npz,20.0,720,480,190,190,94,96,derived_from_frame_index_and_source_fps,complete,,,
pose_raw_v1,4df7dd5f-fb38-4908-8233-1a81deb8dc05,CAUCAFall,V5,1,Fall left,fall,train,Subject.1/Fall left/FallLeftS1.avi,76e290413f3e1453a2e7a44942879bcab71ead8e8bf14820630870228b203330,Subject.1/Fall left/FallLeftS1.npz,20.0,720,480,86,86,86,0,derived_from_frame_index_and_source_fps,complete,,,
pose_raw_v1,4df7dd5f-fb38-4908-8233-1a81deb8dc05,CAUCAFall,V5,1,Fall right,fall,train,Subject.1/Fall right/FallRightS1.avi,c401a92bfb38bf0c54dca0cf57bbbdc489c1c1ad426ab94cd4394da39e022c75,Subject.1/Fall right/FallRightS1.npz,20.0,720,480,114,114,110,4,derived_from_frame_index_and_source_fps,complete,,,
pose_raw_v1,4df7dd5f-fb38-4908-8233-1a81deb8dc05,CAUCAFall,V5,1,Fall sitting,fall,train,Subject.1/Fall sitting/FallSittingS1.avi,4e43bc0fae80d286ca9670307af4d38e954a9230340b45d055f021965324fca7,Subject.1/Fall sitting/FallSittingS1.npz,20.0,720,480,182,182,180,2,derived_from_frame_index_and_source_fps,complete,,,
pose_raw_v1,4df7dd5f-fb38-4908-8233-1a81deb8dc05,CAUCAFall,V5,1,Hop,non_fall,train,Subject.1/Hop/HopS1.avi,1f5ecb50d2d454f265d6a3c036dd5b7ca9835cf7492821d68f99ed7d259ecd66,Subject.1/Hop/HopS1.npz,20.0,720,480,182,182,182,0,derived_from_frame_index_and_source_fps,complete,,,
pose_raw_v1,4df7dd5f-fb38-4908-8233-1a81deb8dc05,CAUCAFall,V5,1,Kneel,non_fall,train,Subject.1/Kneel/KneelS1.avi,010f7f6f03908b72e62ef03fe8c96cbf0a7f4fa1f740f5b3c911f66df8edbbbb,Subject.1/Kneel/KneelS1.npz,20.0,720,480,219,219,219,0,derived_from_frame_index_and_source_fps,complete,,,
pose_raw_v1,4df7dd5f-fb38-4908-8233-1a81deb8dc05,CAUCAFall,V5,1,Pick up object,non_fall,train,Subject.1/Pick up object/PickupobjectS1.avi,507951c796e33524a48d90c05bf340c3d07539b4884a75747ed8470a38d7784f,Subject.1/Pick up object/PickupobjectS1.npz,20.0,720,480,117,117,87,30,derived_from_frame_index_and_source_fps,complete,,,
pose_raw_v1,4df7dd5f-fb38-4908-8233-1a81deb8dc05,CAUCAFall,V5,1,Sit down,non_fall,train,Subject.1/Sit down/SitDownS1.avi,d76e3235b539f61e7e5774d1bfd4324186281bac6d4b894c722869ab3b40b574,Subject.1/Sit down/SitDownS1.npz,20.0,720,480,187,187,187,0,derived_from_frame_index_and_source_fps,complete,,,
pose_raw_v1,4df7dd5f-fb38-4908-8233-1a81deb8dc05,CAUCAFall,V5,1,Walk,non_fall,train,Subject.1/Walk/WalkS1.avi,2a1cd10ea795086e8bbdfe50027c0e31fedacc556c7327298bf0f1aa2840b6f1,Subject.1/Walk/WalkS1.npz,20.0,720,480,242,242,214,28,derived_from_frame_index_and_source_fps,complete,,,
pose_raw_v1,4df7dd5f-fb38-4908-8233-1a81deb8dc05,CAUCAFall,V5,2,Fall backwards,fall,train,Subject.2/Fall backwards/FallBackwardsS2.avi,c854d5d71324a95e0cd02aaa47c390575bbe61d187fcb363e67ed202ffb02d77,Subject.2/Fall backwards/FallBackwardsS2.npz,20.0,720,480,119,119,119,0,derived_from_frame_index_and_source_fps,complete,,,
pose_raw_v1,4df7dd5f-fb38-4908-8233-1a81deb8dc05,CAUCAFall,V5,2,Fall forward,fall,train,Subject.2/Fall forward/FallForwardS2.avi,90bdeb79af92bcfc2d1e5907ece58760f43700ad1d65e8d2d9d7ce80f2bad2cb,Subject.2/Fall forward/FallForwardS2.npz,20.0,720,480,106,106,83,23,derived_from_frame_index_and_source_fps,complete,,,
pose_raw_v1,4df7dd5f-fb38-4908-8233-1a81deb8dc05,CAUCAFall,V5,2,Fall left,fall,train,Subject.2/Fall left/FallLeftS2.avi,f0b7a67ef05d4df030247c4b46d7a59983a2c2d3d3ef0c3153978f5875ce062b,Subject.2/Fall left/FallLeftS2.npz,20.0,720,480,109,109,109,0,derived_from_frame_index_and_source_fps,complete,,,
pose_raw_v1,4df7dd5f-fb38-4908-8233-1a81deb8dc05,CAUCAFall,V5,2,Fall right,fall,train,Subject.2/Fall right/FallRightS2.avi,fd6cafd10426e7e63a8e2571f2779fc6554db39c46d5e6b477a90ccddcfcd7e1,Subject.2/Fall right/FallRightS2.npz,20.0,720,480,146,146,146,0,derived_from_frame_index_and_source_fps,complete,,,
pose_raw_v1,4df7dd5f-fb38-4908-8233-1a81deb8dc05,CAUCAFall,V5,2,Fall sitting,fall,train,Subject.2/Fall sitting/FallSittingS2.avi,908a88acd5f8fd08b10fa7cb9a14e0472e03c4434cfe068a2b57f48832716333,Subject.2/Fall sitting/FallSittingS2.npz,20.0,720,480,157,157,156,1,derived_from_frame_index_and_source_fps,complete,,,
pose_raw_v1,4df7dd5f-fb38-4908-8233-1a81deb8dc05,CAUCAFall,V5,2,Hop,non_fall,train,Subject.2/Hop/HopS2.avi,741630c13a1ef6bd058c40f1759296d792d070a67cb4452774edffcac7f2335f,Subject.2/Hop/HopS2.npz,20.0,720,480,171,171,171,0,derived_from_frame_index_and_source_fps,complete,,,
pose_raw_v1,4df7dd5f-fb38-4908-8233-1a81deb8dc05,CAUCAFall,V5,2,Kneel,non_fall,train,Subject.2/Kneel/KneelS2.avi,b2fba26f4789dab8425dc8c995a67fff0aa98c90e619bc2c4897c8dba1b44ca7,Subject.2/Kneel/KneelS2.npz,20.0,720,480,130,130,130,0,derived_from_frame_index_and_source_fps,complete,,,
pose_raw_v1,4df7dd5f-fb38-4908-8233-1a81deb8dc05,CAUCAFall,V5,2,Pick up object,non_fall,train,Subject.2/Pick up object/PickupobjectS2.avi,fd7f3a1e42185b6ce58d74095085bf06a35909454a0c99dae42f18cb8b62949f,Subject.2/Pick up object/PickupobjectS2.npz,20.0,720,480,166,166,156,10,derived_from_frame_index_and_source_fps,complete,,,
pose_raw_v1,4df7dd5f-fb38-4908-8233-1a81deb8dc05,CAUCAFall,V5,2,Sit down,non_fall,train,Subject.2/Sit down/SitDownS2.avi,e5cb284651fddc54c844116cacad043a769f965932d5e2eb2f98e8cfba1ef310,Subject.2/Sit down/SitDownS2.npz,20.0,720,480,112,112,112,0,derived_from_frame_index_and_source_fps,complete,,,
pose_raw_v1,4df7dd5f-fb38-4908-8233-1a81deb8dc05,CAUCAFall,V5,2,Walk,non_fall,train,Subject.2/Walk/WalkS2.avi,dd87d6d2b7dad7c12623ed6b148f5fff8ce2665651b03ba5829a6a1192d9f162,Subject.2/Walk/WalkS2.npz,20.0,720,480,244,244,209,35,derived_from_frame_index_and_source_fps,complete,,,
pose_raw_v1,4df7dd5f-fb38-4908-8233-1a81deb8dc05,CAUCAFall,V5,3,Fall backwards,fall,train,Subject.3/Fall backwards/FallBackwardsS3.avi,50fa91766e832650418085e8b81abce21e3d3fcc27fa540df54cc56312b8b3c7,Subject.3/Fall backwards/FallBackwardsS3.npz,20.0,720,480,166,166,166,0,derived_from_frame_index_and_source_fps,complete,,,
pose_raw_v1,4df7dd5f-fb38-4908-8233-1a81deb8dc05,CAUCAFall,V5,3,Fall forward,fall,train,Subject.3/Fall forward/FallForwardS3.avi,c75f8e4162d74509c27462dd5c366a87fe1b9f14d213660eb188b80a14331740,Subject.3/Fall forward/FallForwardS3.npz,20.0,720,480,153,153,49,104,derived_from_frame_index_and_source_fps,complete,,,
pose_raw_v1,4df7dd5f-fb38-4908-8233-1a81deb8dc05,CAUCAFall,V5,3,Fall left,fall,train,Subject.3/Fall left/FallLeftS3.avi,9d8f69b0b8b3e895b32b9661ea4d723186b926632cf5bd74185b8918edd5c7dc,Subject.3/Fall left/FallLeftS3.npz,20.0,720,480,171,171,147,24,derived_from_frame_index_and_source_fps,complete,,,
pose_raw_v1,4df7dd5f-fb38-4908-8233-1a81deb8dc05,CAUCAFall,V5,3,Fall right,fall,train,Subject.3/Fall right/FallRightS3.avi,37d1b7540cbe0757de31973b7666741f7e5065a35a4a171f92e96b4842091ea5,Subject.3/Fall right/FallRightS3.npz,20.0,720,480,220,220,220,0,derived_from_frame_index_and_source_fps,complete,,,
pose_raw_v1,4df7dd5f-fb38-4908-8233-1a81deb8dc05,CAUCAFall,V5,3,Fall sitting,fall,train,Subject.3/Fall sitting/FallSittingS3.avi,4e82fad555ede644fd852884eb729da8ba636e5c460e6edee46317bf797bb88f,Subject.3/Fall sitting/FallSittingS3.npz,20.0,720,480,202,202,199,3,derived_from_frame_index_and_source_fps,complete,,,
pose_raw_v1,4df7dd5f-fb38-4908-8233-1a81deb8dc05,CAUCAFall,V5,3,Hop,non_fall,train,Subject.3/Hop/HopS3.avi,2bc573a7c6c058eb92a642c4c3ebd9180e8ebf84efbeb7b0d72129ff1b082ce6,Subject.3/Hop/HopS3.npz,20.0,720,480,162,162,121,41,derived_from_frame_index_and_source_fps,complete,,,
pose_raw_v1,4df7dd5f-fb38-4908-8233-1a81deb8dc05,CAUCAFall,V5,3,Kneel,non_fall,train,Subject.3/Kneel/KneelS3.avi,226a3a8deda52e09a87eb712cdd5a4948677fbbd14be9489e1a38433559857d1,Subject.3/Kneel/KneelS3.npz,20.0,720,480,213,213,104,109,derived_from_frame_index_and_source_fps,complete,,,
pose_raw_v1,4df7dd5f-fb38-4908-8233-1a81deb8dc05,CAUCAFall,V5,3,Pick up object,non_fall,train,Subject.3/Pick up object/PickupobjectS3.avi,b33eff62ba3a0d84c7df2c1de51f197d5146ac509a95c63297ba926301105b88,Subject.3/Pick up object/PickupobjectS3.npz,20.0,720,480,186,186,132,54,derived_from_frame_index_and_source_fps,complete,,,
pose_raw_v1,4df7dd5f-fb38-4908-8233-1a81deb8dc05,CAUCAFall,V5,3,Sit down,non_fall,train,Subject.3/Sit down/SitDownS3.avi,8f1ef95774f6df9acfe2074eeea4e2aa395b65142628f31c84e456127714fcbb,Subject.3/Sit down/SitDownS3.npz,20.0,720,480,261,261,216,45,derived_from_frame_index_and_source_fps,complete,,,
pose_raw_v1,4df7dd5f-fb38-4908-8233-1a81deb8dc05,CAUCAFall,V5,3,Walk,non_fall,train,Subject.3/Walk/WalkS3.avi,f27c01974837f3421ad6585dc107943259755898f295d1b675243cdf971ae639,Subject.3/Walk/WalkS3.npz,20.0,720,480,176,176,113,63,derived_from_frame_index_and_source_fps,complete,,,
pose_raw_v1,4df7dd5f-fb38-4908-8233-1a81deb8dc05,CAUCAFall,V5,4,Fall backwards,fall,train,Subject.4/Fall backwards/FallBackwardsS4.avi,3703b0119f8a1f622ea18f7d2c5435b61d111bf6be921ea6b5e3b54594dd99d1,Subject.4/Fall backwards/FallBackwardsS4.npz,20.0,720,480,192,192,182,10,derived_from_frame_index_and_source_fps,complete,,,
pose_raw_v1,4df7dd5f-fb38-4908-8233-1a81deb8dc05,CAUCAFall,V5,4,Fall forward,fall,train,Subject.4/Fall forward/FallForwardS4.avi,ad37adb65a004b07bfd186fb988d41effb87dab6e43937f2454da861d597749b,Subject.4/Fall forward/FallForwardS4.npz,20.0,720,480,168,168,148,20,derived_from_frame_index_and_source_fps,complete,,,
pose_raw_v1,4df7dd5f-fb38-4908-8233-1a81deb8dc05,CAUCAFall,V5,4,Fall left,fall,train,Subject.4/Fall left/FallLeftS4.avi,6eb52cad0248766f4f6ec7c40568d14d3c817bbe09774f42d3144b3bbeb15b6b,Subject.4/Fall left/FallLeftS4.npz,20.0,720,480,162,162,160,2,derived_from_frame_index_and_source_fps,complete,,,
pose_raw_v1,4df7dd5f-fb38-4908-8233-1a81deb8dc05,CAUCAFall,V5,4,Fall right,fall,train,Subject.4/Fall right/FallRightS4.avi,3c04bef83794daeed2639b07144e016dec82ac0687e278f1642a549b6c9f9dc4,Subject.4/Fall right/FallRightS4.npz,20.0,720,480,150,150,150,0,derived_from_frame_index_and_source_fps,complete,,,
pose_raw_v1,4df7dd5f-fb38-4908-8233-1a81deb8dc05,CAUCAFall,V5,4,Fall sitting,fall,train,Subject.4/Fall sitting/FallSittingS4.avi,e3bab7285d617c588065e8599718f1b9c2bc83304db0f1e8dbbebd9bb5ba70bb,Subject.4/Fall sitting/FallSittingS4.npz,20.0,720,480,198,198,198,0,derived_from_frame_index_and_source_fps,complete,,,
pose_raw_v1,4df7dd5f-fb38-4908-8233-1a81deb8dc05,CAUCAFall,V5,4,Hop,non_fall,train,Subject.4/Hop/HopS4.avi,5622c3637c069569ab55bf70168033a347c5219e05116ce53f610b942b7c60c6,Subject.4/Hop/HopS4.npz,20.0,720,480,144,144,135,9,derived_from_frame_index_and_source_fps,complete,,,
pose_raw_v1,4df7dd5f-fb38-4908-8233-1a81deb8dc05,CAUCAFall,V5,4,Kneel,non_fall,train,Subject.4/Kneel/KneelS4.avi,db3178cf245f16114e3be698e9b6a8f033f1d6ab83692fb38851c7989b9f80b2,Subject.4/Kneel/KneelS4.npz,20.0,720,480,222,222,222,0,derived_from_frame_index_and_source_fps,complete,,,
pose_raw_v1,4df7dd5f-fb38-4908-8233-1a81deb8dc05,CAUCAFall,V5,4,Pick up object,non_fall,train,Subject.4/Pick up object/PickupobjectS4.avi,20ec67d9d0f94e7d2209a8ac00b3cd2833856d5c055a3367a430a0c15de74c13,Subject.4/Pick up object/PickupobjectS4.npz,20.0,720,480,179,179,175,4,derived_from_frame_index_and_source_fps,complete,,,
pose_raw_v1,4df7dd5f-fb38-4908-8233-1a81deb8dc05,CAUCAFall,V5,4,Sit down,non_fall,train,Subject.4/Sit down/SitDownS4.avi,33fff11f0b7a652265c94d3ba440215fc68fe24af05e296aba9ebeab6d593941,Subject.4/Sit down/SitDownS4.npz,20.0,720,480,199,199,199,0,derived_from_frame_index_and_source_fps,complete,,,
pose_raw_v1,4df7dd5f-fb38-4908-8233-1a81deb8dc05,CAUCAFall,V5,4,Walk,non_fall,train,Subject.4/Walk/WalkS4.avi,aebd7de624439b199b4aaa2a72e613dd7cfb59be5badd63a3b9f9a8005b0d1bd,Subject.4/Walk/WalkS4.npz,20.0,720,480,240,240,222,18,derived_from_frame_index_and_source_fps,complete,,,
pose_raw_v1,4df7dd5f-fb38-4908-8233-1a81deb8dc05,CAUCAFall,V5,5,Fall backwards,fall,validation,Subject.5/Fall backwards/FallBackwardsS5.avi,4134c44369c712337e273d5b8fa133f0c2a7718c4bfe2600fcb6ac3f97b265a8,Subject.5/Fall backwards/FallBackwardsS5.npz,20.0,720,480,214,214,214,0,derived_from_frame_index_and_source_fps,complete,,,
pose_raw_v1,4df7dd5f-fb38-4908-8233-1a81deb8dc05,CAUCAFall,V5,5,Fall forward,fall,validation,Subject.5/Fall forward/FallForwardS5.avi,40bc4b138ef15245926eb765348a1e045adc7a36ab66b91eed2d3b786bfdbe14,Subject.5/Fall forward/FallForwardS5.npz,20.0,720,480,200,200,148,52,derived_from_frame_index_and_source_fps,complete,,,
pose_raw_v1,4df7dd5f-fb38-4908-8233-1a81deb8dc05,CAUCAFall,V5,5,Fall left,fall,validation,Subject.5/Fall left/FallLeftS5.avi,cf6e087654c44d0108d728dfe6d1ecdf1b49231496aed4278cdb6656c272be36,Subject.5/Fall left/FallLeftS5.npz,20.0,720,480,247,247,222,25,derived_from_frame_index_and_source_fps,complete,,,
pose_raw_v1,4df7dd5f-fb38-4908-8233-1a81deb8dc05,CAUCAFall,V5,5,Fall right,fall,validation,Subject.5/Fall right/FallRightS5.avi,0fc750f08f9e78fad22a9e80a298d7bdf4060a376aa5d721a18ceb195e4806a4,Subject.5/Fall right/FallRightS5.npz,20.0,720,480,219,219,174,45,derived_from_frame_index_and_source_fps,complete,,,
pose_raw_v1,4df7dd5f-fb38-4908-8233-1a81deb8dc05,CAUCAFall,V5,5,Fall sitting,fall,validation,Subject.5/Fall sitting/FallSittingS5.avi,bd2df0f8c185335fa71811d947e5dbbed572c6af4d959d3e9dca59671af47222,Subject.5/Fall sitting/FallSittingS5.npz,20.0,720,480,229,229,224,5,derived_from_frame_index_and_source_fps,complete,,,
pose_raw_v1,4df7dd5f-fb38-4908-8233-1a81deb8dc05,CAUCAFall,V5,5,Hop,non_fall,validation,Subject.5/Hop/HopS5.avi,243e44f0708921b1eebf7910c9145bc4c2b8cdc344532cc9e470b33b811592e8,Subject.5/Hop/HopS5.npz,20.0,720,480,122,122,99,23,derived_from_frame_index_and_source_fps,complete,,,
pose_raw_v1,4df7dd5f-fb38-4908-8233-1a81deb8dc05,CAUCAFall,V5,5,Kneel,non_fall,validation,Subject.5/Kneel/KneelS5.avi,0f73541402f4d432f5ad5808d9fba188d66dde8bc8ac130c8b79149c3b9a5a55,Subject.5/Kneel/KneelS5.npz,20.0,720,480,208,208,203,5,derived_from_frame_index_and_source_fps,complete,,,
pose_raw_v1,4df7dd5f-fb38-4908-8233-1a81deb8dc05,CAUCAFall,V5,5,Pick up object,non_fall,validation,Subject.5/Pick up object/PickupobjectS5.avi,60512bf30f1da6e46accd087eea35af32d57984dd1c5e7e326b7b259bfb14b1c,Subject.5/Pick up object/PickupobjectS5.npz,20.0,720,480,271,271,132,139,derived_from_frame_index_and_source_fps,complete,,,
pose_raw_v1,4df7dd5f-fb38-4908-8233-1a81deb8dc05,CAUCAFall,V5,5,Sit down,non_fall,validation,Subject.5/Sit down/SitDownS5.avi,150230d34b5e3822eab4350e14e404f7736a894c16840138e41255fb16b4f21a,Subject.5/Sit down/SitDownS5.npz,20.0,720,480,260,260,259,1,derived_from_frame_index_and_source_fps,complete,,,
pose_raw_v1,4df7dd5f-fb38-4908-8233-1a81deb8dc05,CAUCAFall,V5,5,Walk,non_fall,validation,Subject.5/Walk/WalkS5.avi,0aa4741cfb9523fca778f0bc06739c832fe70089b37d0b0b9968e97ee9c61555,Subject.5/Walk/WalkS5.npz,20.0,720,480,226,226,192,34,derived_from_frame_index_and_source_fps,complete,,,
pose_raw_v1,4df7dd5f-fb38-4908-8233-1a81deb8dc05,CAUCAFall,V5,6,Fall backwards,fall,test,Subject.6/Fall backwards/FallBackwardsS6.avi,b0b8a9cb5ae4d54be4dd354c000e81baa0333a6a6f5a6a7f4fea13ea404ad95b,Subject.6/Fall backwards/FallBackwardsS6.npz,20.0,720,480,234,234,234,0,derived_from_frame_index_and_source_fps,complete,,,
pose_raw_v1,4df7dd5f-fb38-4908-8233-1a81deb8dc05,CAUCAFall,V5,6,Fall forward,fall,test,Subject.6/Fall forward/FallForwardS6.avi,1fbca584022a422118db5229d965041e50a4500be89726b23f5c9929d6b59fc3,Subject.6/Fall forward/FallForwardS6.npz,20.0,720,480,202,202,132,70,derived_from_frame_index_and_source_fps,complete,,,
pose_raw_v1,4df7dd5f-fb38-4908-8233-1a81deb8dc05,CAUCAFall,V5,6,Fall left,fall,test,Subject.6/Fall left/FallLeftS6.avi,ad1cff41c97b390b6854acb7c781632ac01f1f124b0c9cde99047f0588b58142,Subject.6/Fall left/FallLeftS6.npz,20.0,720,480,229,229,43,186,derived_from_frame_index_and_source_fps,complete,,,
pose_raw_v1,4df7dd5f-fb38-4908-8233-1a81deb8dc05,CAUCAFall,V5,6,Fall right,fall,test,Subject.6/Fall right/FallRightS6.avi,5ca6cabf5d62ae15c1db3b0a7f41aa4afd24c02301591c6f2a71abae0d7658b7,Subject.6/Fall right/FallRightS6.npz,20.0,720,480,229,229,229,0,derived_from_frame_index_and_source_fps,complete,,,
pose_raw_v1,4df7dd5f-fb38-4908-8233-1a81deb8dc05,CAUCAFall,V5,6,Fall sitting,fall,test,Subject.6/Fall sitting/FallSittingS6.avi,5f8be9f0a1e45af8e81891b57334e5d656bee39b8bbd3d3693718c313d92830d,Subject.6/Fall sitting/FallSittingS6.npz,20.0,720,480,248,248,230,18,derived_from_frame_index_and_source_fps,complete,,,
pose_raw_v1,4df7dd5f-fb38-4908-8233-1a81deb8dc05,CAUCAFall,V5,6,Hop,non_fall,test,Subject.6/Hop/HopS6.avi,93567068cd33b20675120ea6e60a5368526e9aaf615979ab6f776bb2ff0a8d1f,Subject.6/Hop/HopS6.npz,20.0,720,480,162,162,135,27,derived_from_frame_index_and_source_fps,complete,,,
pose_raw_v1,4df7dd5f-fb38-4908-8233-1a81deb8dc05,CAUCAFall,V5,6,Kneel,non_fall,test,Subject.6/Kneel/KneelS6.avi,ff7ae813f7cec881e0a0e548806c63c367e8e10e6aeb327077641ee3d567cbee,Subject.6/Kneel/KneelS6.npz,20.0,720,480,189,189,181,8,derived_from_frame_index_and_source_fps,complete,,,
pose_raw_v1,4df7dd5f-fb38-4908-8233-1a81deb8dc05,CAUCAFall,V5,6,Pick up object,non_fall,test,Subject.6/Pick up object/PickupobjectS6.avi,23de7908d3b531b51714130327a97639cd2117bbbf0516afe42cb3d64301ad06,Subject.6/Pick up object/PickupobjectS6.npz,20.0,720,480,202,202,108,94,derived_from_frame_index_and_source_fps,complete,,,
pose_raw_v1,4df7dd5f-fb38-4908-8233-1a81deb8dc05,CAUCAFall,V5,6,Sit down,non_fall,test,Subject.6/Sit down/SitDownS6.avi,bba4fc0196747a66e6b540b4baafaf870a7951d90f1146752982470189e84acc,Subject.6/Sit down/SitDownS6.npz,20.0,720,480,189,189,189,0,derived_from_frame_index_and_source_fps,complete,,,
pose_raw_v1,4df7dd5f-fb38-4908-8233-1a81deb8dc05,CAUCAFall,V5,6,Walk,non_fall,test,Subject.6/Walk/WalkS6.avi,c49a3305d31e2ba72a7d71dda9ba5c7475fe008a9c8f4efed34c51405bcb2101,Subject.6/Walk/WalkS6.npz,20.0,720,480,266,266,265,1,derived_from_frame_index_and_source_fps,complete,,,
pose_raw_v1,4df7dd5f-fb38-4908-8233-1a81deb8dc05,CAUCAFall,V5,7,Fall backwards,fall,test,Subject.7/Fall backwards/FallBackwardsS7.avi,c7534882a8ce13ea796bc70230afcb76ab344e753ee29915ba79717954083938,Subject.7/Fall backwards/FallBackwardsS7.npz,20.0,720,480,252,252,252,0,derived_from_frame_index_and_source_fps,complete,,,
pose_raw_v1,4df7dd5f-fb38-4908-8233-1a81deb8dc05,CAUCAFall,V5,7,Fall forward,fall,test,Subject.7/Fall forward/FallForwardS7.avi,510b4c80019275bd36afca22e00bf8fd0b1ec08ae10d97694a34c4e8fec49d9f,Subject.7/Fall forward/FallForwardS7.npz,20.0,720,480,162,162,157,5,derived_from_frame_index_and_source_fps,complete,,,
pose_raw_v1,4df7dd5f-fb38-4908-8233-1a81deb8dc05,CAUCAFall,V5,7,Fall left,fall,test,Subject.7/Fall left/FallLeftS7.avi,7ba925ad02d4de8a9d70a9539cfbc5942de711fd457fc81a55abe509e8385858,Subject.7/Fall left/FallLeftS7.npz,20.0,720,480,212,212,207,5,derived_from_frame_index_and_source_fps,complete,,,
pose_raw_v1,4df7dd5f-fb38-4908-8233-1a81deb8dc05,CAUCAFall,V5,7,Fall right,fall,test,Subject.7/Fall right/FallRightS7.avi,164a92aa91baf2d49e4e3a7253e4e4fb90e67361b744dc822c7ac5114fbfdf19,Subject.7/Fall right/FallRightS7.npz,20.0,720,480,166,166,166,0,derived_from_frame_index_and_source_fps,complete,,,
pose_raw_v1,4df7dd5f-fb38-4908-8233-1a81deb8dc05,CAUCAFall,V5,7,Fall sitting,fall,test,Subject.7/Fall sitting/FallSittingS7.avi,59cbb5696a75b1c32263779e76412846a485629c7df41a1dffc024efd3f9aafb,Subject.7/Fall sitting/FallSittingS7.npz,20.0,720,480,207,207,203,4,derived_from_frame_index_and_source_fps,complete,,,
pose_raw_v1,4df7dd5f-fb38-4908-8233-1a81deb8dc05,CAUCAFall,V5,7,Hop,non_fall,test,Subject.7/Hop/HopS7.avi,51d195f516cb58b0bcb62f74cc9a1d96af11544895d1b304d29bb31e7b73c6e8,Subject.7/Hop/HopS7.npz,20.0,720,480,198,198,184,14,derived_from_frame_index_and_source_fps,complete,,,
pose_raw_v1,4df7dd5f-fb38-4908-8233-1a81deb8dc05,CAUCAFall,V5,7,Kneel,non_fall,test,Subject.7/Kneel/KneelS7.avi,d5372ed4ec9793ef6525afc229668470c86c35f220a08bb39865b5a3638eb333,Subject.7/Kneel/KneelS7.npz,20.0,720,480,202,202,156,46,derived_from_frame_index_and_source_fps,complete,,,
pose_raw_v1,4df7dd5f-fb38-4908-8233-1a81deb8dc05,CAUCAFall,V5,7,Pick up object,non_fall,test,Subject.7/Pick up object/PickupobjectS7.avi,2a365ba3d1cc79350b1c245309c567b783d1ce1a1747a63826cffc797516d14e,Subject.7/Pick up object/PickupobjectS7.npz,20.0,720,480,153,153,152,1,derived_from_frame_index_and_source_fps,complete,,,
pose_raw_v1,4df7dd5f-fb38-4908-8233-1a81deb8dc05,CAUCAFall,V5,7,Sit down,non_fall,test,Subject.7/Sit down/SitDownS7.avi,dcaab5988cd5b5ff4cafaa7b9bd2fdb5331687c23eb0673803f4df92c1efcd0b,Subject.7/Sit down/SitDownS7.npz,20.0,720,480,193,193,191,2,derived_from_frame_index_and_source_fps,complete,,,
pose_raw_v1,4df7dd5f-fb38-4908-8233-1a81deb8dc05,CAUCAFall,V5,7,Walk,non_fall,test,Subject.7/Walk/WalkS7.avi,006033704c9c155c70730ca0750cff8e94a319954ab00b3b6574cb189c3ea8db,Subject.7/Walk/WalkS7.npz,20.0,720,480,193,193,191,2,derived_from_frame_index_and_source_fps,complete,,,
pose_raw_v1,4df7dd5f-fb38-4908-8233-1a81deb8dc05,CAUCAFall,V5,8,Fall backwards,fall,train,Subject.8/Fall backwards/FallBackwardsS8.avi,8ec4590a85bc8a10d262f1f246305fdaac96178e5412677af7f69f67edf05cad,Subject.8/Fall backwards/FallBackwardsS8.npz,20.0,720,480,212,212,211,1,derived_from_frame_index_and_source_fps,complete,,,
pose_raw_v1,4df7dd5f-fb38-4908-8233-1a81deb8dc05,CAUCAFall,V5,8,Fall forward,fall,train,Subject.8/Fall forward/FallForwardS8.avi,ac6a716da6471aa7d3f9a0f4cfeda57b32d2245bfa9d326c0bcb5cef1eca13e1,Subject.8/Fall forward/FallForwardS8.npz,20.0,720,480,122,122,0,122,derived_from_frame_index_and_source_fps,complete,,,
pose_raw_v1,4df7dd5f-fb38-4908-8233-1a81deb8dc05,CAUCAFall,V5,8,Fall left,fall,train,Subject.8/Fall left/FallLeftS8.avi,9e1f587661587c39244c351a8c9362e7afb021c8e3106d69d81fa26d1eefb4ca,Subject.8/Fall left/FallLeftS8.npz,20.0,720,480,202,202,73,129,derived_from_frame_index_and_source_fps,complete,,,
pose_raw_v1,4df7dd5f-fb38-4908-8233-1a81deb8dc05,CAUCAFall,V5,8,Fall right,fall,train,Subject.8/Fall right/FallRightS8.avi,9baae58db53584b2d036ab722bbc0516ff56788918e616c4e8ab6af20611e05a,Subject.8/Fall right/FallRightS8.npz,20.0,720,480,229,229,34,195,derived_from_frame_index_and_source_fps,complete,,,
pose_raw_v1,4df7dd5f-fb38-4908-8233-1a81deb8dc05,CAUCAFall,V5,8,Fall sitting,fall,train,Subject.8/Fall sitting/FallSittingS8.avi,9595fb85ae150c298b965824f527437e2ee9183dc245de9ed8183f03e7a93f5e,Subject.8/Fall sitting/FallSittingS8.npz,20.0,720,480,234,234,201,33,derived_from_frame_index_and_source_fps,complete,,,
pose_raw_v1,4df7dd5f-fb38-4908-8233-1a81deb8dc05,CAUCAFall,V5,8,Hop,non_fall,train,Subject.8/Hop/HopS8.avi,c364f028b1bd32a969ac805cfb5607043855d9ea1d387eefbc7e1952eb36abfe,Subject.8/Hop/HopS8.npz,20.0,720,480,166,166,156,10,derived_from_frame_index_and_source_fps,complete,,,
pose_raw_v1,4df7dd5f-fb38-4908-8233-1a81deb8dc05,CAUCAFall,V5,8,Kneel,non_fall,train,Subject.8/Kneel/KneelS8.avi,703c93ca053d76c8455d8a9b0907865d9c928e98c12705e71201b873a354ad9d,Subject.8/Kneel/KneelS8.npz,20.0,720,480,256,256,181,75,derived_from_frame_index_and_source_fps,complete,,,
pose_raw_v1,4df7dd5f-fb38-4908-8233-1a81deb8dc05,CAUCAFall,V5,8,Pick up object,non_fall,train,Subject.8/Pick up object/PickupobjectS8.avi,12d35a769f0500ad45624570e346f8884e34c96f8c96a946952074d60794e711,Subject.8/Pick up object/PickupobjectS8.npz,20.0,720,480,266,266,245,21,derived_from_frame_index_and_source_fps,complete,,,
pose_raw_v1,4df7dd5f-fb38-4908-8233-1a81deb8dc05,CAUCAFall,V5,8,Sit down,non_fall,train,Subject.8/Sit down/SitDownS8.avi,6ee18eec4616fb37daf886f8426804b30520c53e6f8ae22d11c452d5743a4a82,Subject.8/Sit down/SitDownS8.npz,20.0,720,480,212,212,174,38,derived_from_frame_index_and_source_fps,complete,,,
pose_raw_v1,4df7dd5f-fb38-4908-8233-1a81deb8dc05,CAUCAFall,V5,8,Walk,non_fall,train,Subject.8/Walk/WalkS8.avi,4399912b9588d8b33151d528694b627dfda2ae95821499951719e73b214161b1,Subject.8/Walk/WalkS8.npz,20.0,720,480,216,216,216,0,derived_from_frame_index_and_source_fps,complete,,,
pose_raw_v1,4df7dd5f-fb38-4908-8233-1a81deb8dc05,CAUCAFall,V5,9,Fall backwards,fall,train,Subject.9/Fall backwards/FallBackwardsS9.avi,2f6058978ef5bc097767f612e4945885d86e3d823c9e09574d32664ae37ec3b0,Subject.9/Fall backwards/FallBackwardsS9.npz,20.0,720,480,252,252,252,0,derived_from_frame_index_and_source_fps,complete,,,
pose_raw_v1,4df7dd5f-fb38-4908-8233-1a81deb8dc05,CAUCAFall,V5,9,Fall forward,fall,train,Subject.9/Fall forward/FallForwardS9.avi,79516c87fba3c8eb1f3d1fb6608d84d40fd169258c426b2395e66c195c76a61d,Subject.9/Fall forward/FallForwardS9.npz,20.0,720,480,148,148,128,20,derived_from_frame_index_and_source_fps,complete,,,
pose_raw_v1,4df7dd5f-fb38-4908-8233-1a81deb8dc05,CAUCAFall,V5,9,Fall left,fall,train,Subject.9/Fall left/FallLeftS9.avi,c4fa50b461e4e2cf1a511ce6925fdc03c44de0a54ba2505cc0cf451a7e9b6da3,Subject.9/Fall left/FallLeftS9.npz,20.0,720,480,207,207,104,103,derived_from_frame_index_and_source_fps,complete,,,
pose_raw_v1,4df7dd5f-fb38-4908-8233-1a81deb8dc05,CAUCAFall,V5,9,Fall right,fall,train,Subject.9/Fall right/FallRightS9.avi,db4040ba2934980413adc82a37a0630d25a18003cf212cf2b93c3d91f4cf8631,Subject.9/Fall right/FallRightS9.npz,20.0,720,480,189,189,180,9,derived_from_frame_index_and_source_fps,complete,,,
pose_raw_v1,4df7dd5f-fb38-4908-8233-1a81deb8dc05,CAUCAFall,V5,9,Fall sitting,fall,train,Subject.9/Fall sitting/FallSittingS9.avi,d531f4785f188f6dd94ef354557be1abf6715065f0431ee7fd65c72f55108a58,Subject.9/Fall sitting/FallSittingS9.npz,20.0,720,480,216,216,215,1,derived_from_frame_index_and_source_fps,complete,,,
pose_raw_v1,4df7dd5f-fb38-4908-8233-1a81deb8dc05,CAUCAFall,V5,9,Hop,non_fall,train,Subject.9/Hop/HopS9.avi,2ef5d7cfdc7ea842ffd88ee94a00299b273cc9d00b27dbaca6ab3488dea59959,Subject.9/Hop/HopS9.npz,20.0,720,480,212,212,210,2,derived_from_frame_index_and_source_fps,complete,,,
pose_raw_v1,4df7dd5f-fb38-4908-8233-1a81deb8dc05,CAUCAFall,V5,9,Kneel,non_fall,train,Subject.9/Kneel/KneelS9.avi,56e26721f9866bf514d7f412ef84261cab0690a816695b7ff048f04ae6a874f2,Subject.9/Kneel/KneelS9.npz,20.0,720,480,216,216,203,13,derived_from_frame_index_and_source_fps,complete,,,
pose_raw_v1,4df7dd5f-fb38-4908-8233-1a81deb8dc05,CAUCAFall,V5,9,Pick up object,non_fall,train,Subject.9/Pick up object/PickupobjectS9.avi,e394dd8361318ba6a11537b182119d33c1a42d7339721492bfc542f108e70b4c,Subject.9/Pick up object/PickupobjectS9.npz,20.0,720,480,220,220,212,8,derived_from_frame_index_and_source_fps,complete,,,
pose_raw_v1,4df7dd5f-fb38-4908-8233-1a81deb8dc05,CAUCAFall,V5,9,Sit down,non_fall,train,Subject.9/Sit down/SitDownS9.avi,8e096744e202f837cd1c1f02b52068d5816e5ec81822eea1b68bbe8653f10069,Subject.9/Sit down/SitDownS9.npz,20.0,720,480,238,238,208,30,derived_from_frame_index_and_source_fps,complete,,,
pose_raw_v1,4df7dd5f-fb38-4908-8233-1a81deb8dc05,CAUCAFall,V5,9,Walk,non_fall,train,Subject.9/Walk/WalkS9.avi,5116084849067721c58bf18cd449a01122062fe88f5dedc338eaeb9f252e55a3,Subject.9/Walk/WalkS9.npz,20.0,720,480,234,234,199,35,derived_from_frame_index_and_source_fps,complete,,,
pose_raw_v1,4df7dd5f-fb38-4908-8233-1a81deb8dc05,CAUCAFall,V5,10,Fall backwards,fall,validation,Subject.10/Fall backwards/FallBackwardsS10.avi,620d7f1d44a1df3ed19ea9cf1051f68fd40aa3b722fe45420790d42709d91b07,Subject.10/Fall backwards/FallBackwardsS10.npz,20.0,720,480,274,274,266,8,derived_from_frame_index_and_source_fps,complete,,,
pose_raw_v1,4df7dd5f-fb38-4908-8233-1a81deb8dc05,CAUCAFall,V5,10,Fall forward,fall,validation,Subject.10/Fall forward/FallForwardS10.avi,4f46775795f223c8434901c7d6be83a6ace590369da13b697b3aaf4635a58d9e,Subject.10/Fall forward/FallForwardS10.npz,20.0,720,480,243,243,185,58,derived_from_frame_index_and_source_fps,complete,,,
pose_raw_v1,4df7dd5f-fb38-4908-8233-1a81deb8dc05,CAUCAFall,V5,10,Fall left,fall,validation,Subject.10/Fall left/FallLeftS10.avi,75b35738c8fc821ed8fdca773790cb3b35a4c8e47d882f0f93499229dc97e7a4,Subject.10/Fall left/FallLeftS10.npz,20.0,720,480,212,212,197,15,derived_from_frame_index_and_source_fps,complete,,,
pose_raw_v1,4df7dd5f-fb38-4908-8233-1a81deb8dc05,CAUCAFall,V5,10,Fall right,fall,validation,Subject.10/Fall right/FallRightS10.avi,661abb9452bcf0e28cbea14ffc24c7271cf7202ddf0efa57538b53a2d22d5817,Subject.10/Fall right/FallRightS10.npz,20.0,720,480,202,202,202,0,derived_from_frame_index_and_source_fps,complete,,,
pose_raw_v1,4df7dd5f-fb38-4908-8233-1a81deb8dc05,CAUCAFall,V5,10,Fall sitting,fall,validation,Subject.10/Fall sitting/FallSittingS10.avi,c66f46cda1eb979303a805d186ea6a514e1c81cc08c00fe0a80b0f08ab79dd17,Subject.10/Fall sitting/FallSittingS10.npz,20.0,720,480,288,288,187,101,derived_from_frame_index_and_source_fps,complete,,,
pose_raw_v1,4df7dd5f-fb38-4908-8233-1a81deb8dc05,CAUCAFall,V5,10,Hop,non_fall,validation,Subject.10/Hop/HopS10.avi,1a9c205f4596d2fe2bb715454b26bb43dbe112a840f7dae55bb3b57e85b3a9cb,Subject.10/Hop/HopS10.npz,20.0,720,480,248,248,246,2,derived_from_frame_index_and_source_fps,complete,,,
pose_raw_v1,4df7dd5f-fb38-4908-8233-1a81deb8dc05,CAUCAFall,V5,10,Kneel,non_fall,validation,Subject.10/Kneel/KneelS10.avi,0bfd527d1930a1fd7faad1076c1cde187eb1f858bf74f80d4aa9b7e8fc501194,Subject.10/Kneel/KneelS10.npz,20.0,720,480,261,261,182,79,derived_from_frame_index_and_source_fps,complete,,,
pose_raw_v1,4df7dd5f-fb38-4908-8233-1a81deb8dc05,CAUCAFall,V5,10,Pick up object,non_fall,validation,Subject.10/Pick up object/PickupobjectS10.avi,7d0ef1fccb87f752252bceda2ae9e648dde933efd56b338767a3a7ab7f2e3726,Subject.10/Pick up object/PickupobjectS10.npz,20.0,720,480,292,292,214,78,derived_from_frame_index_and_source_fps,complete,,,
pose_raw_v1,4df7dd5f-fb38-4908-8233-1a81deb8dc05,CAUCAFall,V5,10,Sit down,non_fall,validation,Subject.10/Sit down/SitDownS10.avi,7b50d78ea70228e6dd123a467b8d77a38b691c7b8516123ddfce5353d2cb9f32,Subject.10/Sit down/SitDownS10.npz,20.0,720,480,234,234,220,14,derived_from_frame_index_and_source_fps,complete,,,
pose_raw_v1,4df7dd5f-fb38-4908-8233-1a81deb8dc05,CAUCAFall,V5,10,Walk,non_fall,validation,Subject.10/Walk/WalkS10.avi,709bd4c4b4f320079d8cbe2e15915c27ba53005cbdc572dbde2bef732e81c5c9,Subject.10/Walk/WalkS10.npz,20.0,720,480,224,224,210,14,derived_from_frame_index_and_source_fps,complete,,,
