subject,activity,label,relative_video_path,fps,width,height,frame_count,duration_seconds,opened,decoded_first_frame,readable,decoded_frame_count,reached_end_normally,decode_failure_before_expected_end,frame_count_matches,error,split
Subject.1,Fall backwards,fall,Subject.1/Fall backwards/FallBackwardsS1.avi,20.0,720.0,480.0,125.0,6.25,True,True,True,125,True,False,True,,train
Subject.1,Fall forward,fall,Subject.1/Fall forward/FallForwardS1.avi,20.0,720.0,480.0,190.0,9.5,True,True,True,190,True,False,True,,train
Subject.1,Fall left,fall,Subject.1/Fall left/FallLeftS1.avi,20.0,720.0,480.0,86.0,4.3,True,True,True,86,True,False,True,,train
Subject.1,Fall right,fall,Subject.1/Fall right/FallRightS1.avi,20.0,720.0,480.0,114.0,5.7,True,True,True,114,True,False,True,,train
Subject.1,Fall sitting,fall,Subject.1/Fall sitting/FallSittingS1.avi,20.0,720.0,480.0,182.0,9.1,True,True,True,182,True,False,True,,train
Subject.1,Hop,non_fall,Subject.1/Hop/HopS1.avi,20.0,720.0,480.0,182.0,9.1,True,True,True,182,True,False,True,,train
Subject.1,Kneel,non_fall,Subject.1/Kneel/KneelS1.avi,20.0,720.0,480.0,219.0,10.95,True,True,True,219,True,False,True,,train
Subject.1,Pick up object,non_fall,Subject.1/Pick up object/PickupobjectS1.avi,20.0,720.0,480.0,117.0,5.85,True,True,True,117,True,False,True,,train
Subject.1,Sit down,non_fall,Subject.1/Sit down/SitDownS1.avi,20.0,720.0,480.0,187.0,9.35,True,True,True,187,True,False,True,,train
Subject.1,Walk,non_fall,Subject.1/Walk/WalkS1.avi,20.0,720.0,480.0,242.0,12.1,True,True,True,242,True,False,True,,train
Subject.2,Fall backwards,fall,Subject.2/Fall backwards/FallBackwardsS2.avi,20.0,720.0,480.0,119.0,5.95,True,True,True,119,True,False,True,,train
Subject.2,Fall forward,fall,Subject.2/Fall forward/FallForwardS2.avi,20.0,720.0,480.0,106.0,5.3,True,True,True,106,True,False,True,,train
Subject.2,Fall left,fall,Subject.2/Fall left/FallLeftS2.avi,20.0,720.0,480.0,109.0,5.45,True,True,True,109,True,False,True,,train
Subject.2,Fall right,fall,Subject.2/Fall right/FallRightS2.avi,20.0,720.0,480.0,146.0,7.3,True,True,True,146,True,False,True,,train
Subject.2,Fall sitting,fall,Subject.2/Fall sitting/FallSittingS2.avi,20.0,720.0,480.0,157.0,7.85,True,True,True,157,True,False,True,,train
Subject.2,Hop,non_fall,Subject.2/Hop/HopS2.avi,20.0,720.0,480.0,171.0,8.55,True,True,True,171,True,False,True,,train
Subject.2,Kneel,non_fall,Subject.2/Kneel/KneelS2.avi,20.0,720.0,480.0,130.0,6.5,True,True,True,130,True,False,True,,train
Subject.2,Pick up object,non_fall,Subject.2/Pick up object/PickupobjectS2.avi,20.0,720.0,480.0,166.0,8.3,True,True,True,166,True,False,True,,train
Subject.2,Sit down,non_fall,Subject.2/Sit down/SitDownS2.avi,20.0,720.0,480.0,112.0,5.6,True,True,True,112,True,False,True,,train
Subject.2,Walk,non_fall,Subject.2/Walk/WalkS2.avi,20.0,720.0,480.0,244.0,12.2,True,True,True,244,True,False,True,,train
Subject.3,Fall backwards,fall,Subject.3/Fall backwards/FallBackwardsS3.avi,20.0,720.0,480.0,166.0,8.3,True,True,True,166,True,False,True,,train
Subject.3,Fall forward,fall,Subject.3/Fall forward/FallForwardS3.avi,20.0,720.0,480.0,153.0,7.65,True,True,True,153,True,False,True,,train
Subject.3,Fall left,fall,Subject.3/Fall left/FallLeftS3.avi,20.0,720.0,480.0,171.0,8.55,True,True,True,171,True,False,True,,train
Subject.3,Fall right,fall,Subject.3/Fall right/FallRightS3.avi,20.0,720.0,480.0,220.0,11.0,True,True,True,220,True,False,True,,train
Subject.3,Fall sitting,fall,Subject.3/Fall sitting/FallSittingS3.avi,20.0,720.0,480.0,202.0,10.1,True,True,True,202,True,False,True,,train
Subject.3,Hop,non_fall,Subject.3/Hop/HopS3.avi,20.0,720.0,480.0,162.0,8.1,True,True,True,162,True,False,True,,train
Subject.3,Kneel,non_fall,Subject.3/Kneel/KneelS3.avi,20.0,720.0,480.0,213.0,10.65,True,True,True,213,True,False,True,,train
Subject.3,Pick up object,non_fall,Subject.3/Pick up object/PickupobjectS3.avi,20.0,720.0,480.0,186.0,9.3,True,True,True,186,True,False,True,,train
Subject.3,Sit down,non_fall,Subject.3/Sit down/SitDownS3.avi,20.0,720.0,480.0,261.0,13.05,True,True,True,261,True,False,True,,train
Subject.3,Walk,non_fall,Subject.3/Walk/WalkS3.avi,20.0,720.0,480.0,176.0,8.8,True,True,True,176,True,False,True,,train
Subject.4,Fall backwards,fall,Subject.4/Fall backwards/FallBackwardsS4.avi,20.0,720.0,480.0,192.0,9.6,True,True,True,192,True,False,True,,train
Subject.4,Fall forward,fall,Subject.4/Fall forward/FallForwardS4.avi,20.0,720.0,480.0,168.0,8.4,True,True,True,168,True,False,True,,train
Subject.4,Fall left,fall,Subject.4/Fall left/FallLeftS4.avi,20.0,720.0,480.0,162.0,8.1,True,True,True,162,True,False,True,,train
Subject.4,Fall right,fall,Subject.4/Fall right/FallRightS4.avi,20.0,720.0,480.0,150.0,7.5,True,True,True,150,True,False,True,,train
Subject.4,Fall sitting,fall,Subject.4/Fall sitting/FallSittingS4.avi,20.0,720.0,480.0,198.0,9.9,True,True,True,198,True,False,True,,train
Subject.4,Hop,non_fall,Subject.4/Hop/HopS4.avi,20.0,720.0,480.0,144.0,7.2,True,True,True,144,True,False,True,,train
Subject.4,Kneel,non_fall,Subject.4/Kneel/KneelS4.avi,20.0,720.0,480.0,222.0,11.1,True,True,True,222,True,False,True,,train
Subject.4,Pick up object,non_fall,Subject.4/Pick up object/PickupobjectS4.avi,20.0,720.0,480.0,179.0,8.95,True,True,True,179,True,False,True,,train
Subject.4,Sit down,non_fall,Subject.4/Sit down/SitDownS4.avi,20.0,720.0,480.0,199.0,9.95,True,True,True,199,True,False,True,,train
Subject.4,Walk,non_fall,Subject.4/Walk/WalkS4.avi,20.0,720.0,480.0,240.0,12.0,True,True,True,240,True,False,True,,train
Subject.5,Fall backwards,fall,Subject.5/Fall backwards/FallBackwardsS5.avi,20.0,720.0,480.0,214.0,10.7,True,True,True,214,True,False,True,,validation
Subject.5,Fall forward,fall,Subject.5/Fall forward/FallForwardS5.avi,20.0,720.0,480.0,200.0,10.0,True,True,True,200,True,False,True,,validation
Subject.5,Fall left,fall,Subject.5/Fall left/FallLeftS5.avi,20.0,720.0,480.0,247.0,12.35,True,True,True,247,True,False,True,,validation
Subject.5,Fall right,fall,Subject.5/Fall right/FallRightS5.avi,20.0,720.0,480.0,219.0,10.95,True,True,True,219,True,False,True,,validation
Subject.5,Fall sitting,fall,Subject.5/Fall sitting/FallSittingS5.avi,20.0,720.0,480.0,229.0,11.45,True,True,True,229,True,False,True,,validation
Subject.5,Hop,non_fall,Subject.5/Hop/HopS5.avi,20.0,720.0,480.0,122.0,6.1,True,True,True,122,True,False,True,,validation
Subject.5,Kneel,non_fall,Subject.5/Kneel/KneelS5.avi,20.0,720.0,480.0,208.0,10.4,True,True,True,208,True,False,True,,validation
Subject.5,Pick up object,non_fall,Subject.5/Pick up object/PickupobjectS5.avi,20.0,720.0,480.0,271.0,13.55,True,True,True,271,True,False,True,,validation
Subject.5,Sit down,non_fall,Subject.5/Sit down/SitDownS5.avi,20.0,720.0,480.0,260.0,13.0,True,True,True,260,True,False,True,,validation
Subject.5,Walk,non_fall,Subject.5/Walk/WalkS5.avi,20.0,720.0,480.0,226.0,11.3,True,True,True,226,True,False,True,,validation
Subject.6,Fall backwards,fall,Subject.6/Fall backwards/FallBackwardsS6.avi,20.0,720.0,480.0,234.0,11.7,True,True,True,234,True,False,True,,test
Subject.6,Fall forward,fall,Subject.6/Fall forward/FallForwardS6.avi,20.0,720.0,480.0,202.0,10.1,True,True,True,202,True,False,True,,test
Subject.6,Fall left,fall,Subject.6/Fall left/FallLeftS6.avi,20.0,720.0,480.0,229.0,11.45,True,True,True,229,True,False,True,,test
Subject.6,Fall right,fall,Subject.6/Fall right/FallRightS6.avi,20.0,720.0,480.0,229.0,11.45,True,True,True,229,True,False,True,,test
Subject.6,Fall sitting,fall,Subject.6/Fall sitting/FallSittingS6.avi,20.0,720.0,480.0,248.0,12.4,True,True,True,248,True,False,True,,test
Subject.6,Hop,non_fall,Subject.6/Hop/HopS6.avi,20.0,720.0,480.0,162.0,8.1,True,True,True,162,True,False,True,,test
Subject.6,Kneel,non_fall,Subject.6/Kneel/KneelS6.avi,20.0,720.0,480.0,189.0,9.45,True,True,True,189,True,False,True,,test
Subject.6,Pick up object,non_fall,Subject.6/Pick up object/PickupobjectS6.avi,20.0,720.0,480.0,202.0,10.1,True,True,True,202,True,False,True,,test
Subject.6,Sit down,non_fall,Subject.6/Sit down/SitDownS6.avi,20.0,720.0,480.0,189.0,9.45,True,True,True,189,True,False,True,,test
Subject.6,Walk,non_fall,Subject.6/Walk/WalkS6.avi,20.0,720.0,480.0,266.0,13.3,True,True,True,266,True,False,True,,test
Subject.7,Fall backwards,fall,Subject.7/Fall backwards/FallBackwardsS7.avi,20.0,720.0,480.0,252.0,12.6,True,True,True,252,True,False,True,,test
Subject.7,Fall forward,fall,Subject.7/Fall forward/FallForwardS7.avi,20.0,720.0,480.0,162.0,8.1,True,True,True,162,True,False,True,,test
Subject.7,Fall left,fall,Subject.7/Fall left/FallLeftS7.avi,20.0,720.0,480.0,212.0,10.6,True,True,True,212,True,False,True,,test
Subject.7,Fall right,fall,Subject.7/Fall right/FallRightS7.avi,20.0,720.0,480.0,166.0,8.3,True,True,True,166,True,False,True,,test
Subject.7,Fall sitting,fall,Subject.7/Fall sitting/FallSittingS7.avi,20.0,720.0,480.0,207.0,10.35,True,True,True,207,True,False,True,,test
Subject.7,Hop,non_fall,Subject.7/Hop/HopS7.avi,20.0,720.0,480.0,198.0,9.9,True,True,True,198,True,False,True,,test
Subject.7,Kneel,non_fall,Subject.7/Kneel/KneelS7.avi,20.0,720.0,480.0,202.0,10.1,True,True,True,202,True,False,True,,test
Subject.7,Pick up object,non_fall,Subject.7/Pick up object/PickupobjectS7.avi,20.0,720.0,480.0,153.0,7.65,True,True,True,153,True,False,True,,test
Subject.7,Sit down,non_fall,Subject.7/Sit down/SitDownS7.avi,20.0,720.0,480.0,193.0,9.65,True,True,True,193,True,False,True,,test
Subject.7,Walk,non_fall,Subject.7/Walk/WalkS7.avi,20.0,720.0,480.0,193.0,9.65,True,True,True,193,True,False,True,,test
Subject.8,Fall backwards,fall,Subject.8/Fall backwards/FallBackwardsS8.avi,20.0,720.0,480.0,212.0,10.6,True,True,True,212,True,False,True,,train
Subject.8,Fall forward,fall,Subject.8/Fall forward/FallForwardS8.avi,20.0,720.0,480.0,122.0,6.1,True,True,True,122,True,False,True,,train
Subject.8,Fall left,fall,Subject.8/Fall left/FallLeftS8.avi,20.0,720.0,480.0,202.0,10.1,True,True,True,202,True,False,True,,train
Subject.8,Fall right,fall,Subject.8/Fall right/FallRightS8.avi,20.0,720.0,480.0,229.0,11.45,True,True,True,229,True,False,True,,train
Subject.8,Fall sitting,fall,Subject.8/Fall sitting/FallSittingS8.avi,20.0,720.0,480.0,234.0,11.7,True,True,True,234,True,False,True,,train
Subject.8,Hop,non_fall,Subject.8/Hop/HopS8.avi,20.0,720.0,480.0,166.0,8.3,True,True,True,166,True,False,True,,train
Subject.8,Kneel,non_fall,Subject.8/Kneel/KneelS8.avi,20.0,720.0,480.0,256.0,12.8,True,True,True,256,True,False,True,,train
Subject.8,Pick up object,non_fall,Subject.8/Pick up object/PickupobjectS8.avi,20.0,720.0,480.0,266.0,13.3,True,True,True,266,True,False,True,,train
Subject.8,Sit down,non_fall,Subject.8/Sit down/SitDownS8.avi,20.0,720.0,480.0,212.0,10.6,True,True,True,212,True,False,True,,train
Subject.8,Walk,non_fall,Subject.8/Walk/WalkS8.avi,20.0,720.0,480.0,216.0,10.8,True,True,True,216,True,False,True,,train
Subject.9,Fall backwards,fall,Subject.9/Fall backwards/FallBackwardsS9.avi,20.0,720.0,480.0,252.0,12.6,True,True,True,252,True,False,True,,train
Subject.9,Fall forward,fall,Subject.9/Fall forward/FallForwardS9.avi,20.0,720.0,480.0,148.0,7.4,True,True,True,148,True,False,True,,train
Subject.9,Fall left,fall,Subject.9/Fall left/FallLeftS9.avi,20.0,720.0,480.0,207.0,10.35,True,True,True,207,True,False,True,,train
Subject.9,Fall right,fall,Subject.9/Fall right/FallRightS9.avi,20.0,720.0,480.0,189.0,9.45,True,True,True,189,True,False,True,,train
Subject.9,Fall sitting,fall,Subject.9/Fall sitting/FallSittingS9.avi,20.0,720.0,480.0,216.0,10.8,True,True,True,216,True,False,True,,train
Subject.9,Hop,non_fall,Subject.9/Hop/HopS9.avi,20.0,720.0,480.0,212.0,10.6,True,True,True,212,True,False,True,,train
Subject.9,Kneel,non_fall,Subject.9/Kneel/KneelS9.avi,20.0,720.0,480.0,216.0,10.8,True,True,True,216,True,False,True,,train
Subject.9,Pick up object,non_fall,Subject.9/Pick up object/PickupobjectS9.avi,20.0,720.0,480.0,220.0,11.0,True,True,True,220,True,False,True,,train
Subject.9,Sit down,non_fall,Subject.9/Sit down/SitDownS9.avi,20.0,720.0,480.0,238.0,11.9,True,True,True,238,True,False,True,,train
Subject.9,Walk,non_fall,Subject.9/Walk/WalkS9.avi,20.0,720.0,480.0,234.0,11.7,True,True,True,234,True,False,True,,train
Subject.10,Fall backwards,fall,Subject.10/Fall backwards/FallBackwardsS10.avi,20.0,720.0,480.0,274.0,13.7,True,True,True,274,True,False,True,,validation
Subject.10,Fall forward,fall,Subject.10/Fall forward/FallForwardS10.avi,20.0,720.0,480.0,243.0,12.15,True,True,True,243,True,False,True,,validation
Subject.10,Fall left,fall,Subject.10/Fall left/FallLeftS10.avi,20.0,720.0,480.0,212.0,10.6,True,True,True,212,True,False,True,,validation
Subject.10,Fall right,fall,Subject.10/Fall right/FallRightS10.avi,20.0,720.0,480.0,202.0,10.1,True,True,True,202,True,False,True,,validation
Subject.10,Fall sitting,fall,Subject.10/Fall sitting/FallSittingS10.avi,20.0,720.0,480.0,288.0,14.4,True,True,True,288,True,False,True,,validation
Subject.10,Hop,non_fall,Subject.10/Hop/HopS10.avi,20.0,720.0,480.0,248.0,12.4,True,True,True,248,True,False,True,,validation
Subject.10,Kneel,non_fall,Subject.10/Kneel/KneelS10.avi,20.0,720.0,480.0,261.0,13.05,True,True,True,261,True,False,True,,validation
Subject.10,Pick up object,non_fall,Subject.10/Pick up object/PickupobjectS10.avi,20.0,720.0,480.0,292.0,14.6,True,True,True,292,True,False,True,,validation
Subject.10,Sit down,non_fall,Subject.10/Sit down/SitDownS10.avi,20.0,720.0,480.0,234.0,11.7,True,True,True,234,True,False,True,,validation
Subject.10,Walk,non_fall,Subject.10/Walk/WalkS10.avi,20.0,720.0,480.0,224.0,11.2,True,True,True,224,True,False,True,,validation
