subject_id,activity,source_video_identity,split,png_count,txt_count,ordinal_first,ordinal_last,png_first_filename,png_last_filename,png_first_index,png_last_index,png_contiguous,png_duplicate_indices,png_gaps,png_unparsed,png_prefixes,png_suffix_variants,png_index_minus_ordinal,txt_first_filename,txt_last_filename,txt_first_index,txt_last_index,txt_contiguous,txt_duplicate_indices,txt_gaps,txt_unparsed,txt_prefixes,txt_suffix_variants,txt_index_minus_ordinal,annotation_order_status,annotation_timebase_status,exact_stem_pairs,explicit_sequence_alias_pairs,decoded_pixel_duplicate_groups,decoded_pixel_duplicate_excess,file_duplicate_groups,leading_boundary_duplicate,trailing_boundary_duplicate,avi_frame_count_reference,png_minus_avi,count_difference_status,workbook_frames,workbook_reference,provenance_references,png_chunk_type_counts,anomaly_flags,class0_count,class1_count,first_grounded_fall_ordinal,last_grounded_fall_ordinal,transitions_0_to_1,transitions_1_to_0,class1_one_interval
1,Fall backwards,Subject.1/Fall backwards/FallBackwardsS1.avi,train,126,126,0,125,cas100001.png,cas100126.png,100001,100126,True,[],[],[],"[""cas""]",[],[100001],cas100001.txt,cas100126.txt,100001,100126,True,[],[],[],"[""cas""]",[],[100001],verified,unresolved,126,0,0,0,0,False,False,125,1,unresolved,126,Hoja1!D16,"[""P1"",""P3"",""P4"",""P7"",""P14"",""P15""]","{""IDAT"":126,""IEND"":126,""IHDR"":126,""gAMA"":85,""pHYs"":126,""sRGB"":85}","[""avi_png_count_difference""]",58,68,58,125,[58],[],True
1,Fall forward,Subject.1/Fall forward/FallForwardS1.avi,train,191,191,0,190,cfs1-00001.png,cfs1-00191.png,1,191,True,[],[],[],"[""cfs1-""]",[],[1],cfs1-00001.txt,cfs1-00191.txt,1,191,True,[],[],[],"[""cfs1-""]",[],[1],verified,unresolved,191,0,1,1,1,False,False,190,1,unresolved,191,Hoja1!D17,"[""P1"",""P3"",""P4"",""P7"",""P14"",""P15""]","{""IDAT"":191,""IEND"":191,""IHDR"":191,""gAMA"":180,""pHYs"":191,""sRGB"":180}","[""avi_png_count_difference""]",131,60,131,190,[131],[],True
1,Fall left,Subject.1/Fall left/FallLeftS1.avi,train,87,87,0,86,cis100001.png,cis100087.png,100001,100087,True,[],[],[],"[""cis""]",[],[100001],cis100001.txt,cis100087.txt,100001,100087,True,[],[],[],"[""cis""]",[],[100001],verified,unresolved,87,0,2,2,2,False,False,86,1,unresolved,87,Hoja1!D18,"[""P1"",""P3"",""P4"",""P7"",""P14"",""P15""]","{""IDAT"":87,""IEND"":87,""IHDR"":87,""gAMA"":67,""pHYs"":87,""sRGB"":67}","[""avi_png_count_difference""]",44,43,44,86,[44],[],True
1,Fall right,Subject.1/Fall right/FallRightS1.avi,train,115,115,0,114,cds100001.png,cds100115.png,100001,100115,True,[],[],[],"[""cds""]",[],[100001],cds100001.txt,cds100115.txt,100001,100115,True,[],[],[],"[""cds""]",[],[100001],verified,unresolved,115,0,0,0,0,False,False,114,1,unresolved,115,Hoja1!D19,"[""P1"",""P3"",""P4"",""P7"",""P14"",""P15""]","{""IDAT"":115,""IEND"":115,""IHDR"":115,""gAMA"":7,""pHYs"":115,""sRGB"":7}","[""avi_png_count_difference""]",56,59,56,114,[56],[],True
1,Fall sitting,Subject.1/Fall sitting/FallSittingS1.avi,train,183,183,0,182,css100001.png,css100183.png,100001,100183,True,[],[],[],"[""css""]",[],[100001],css100001.txt,css100183.txt,100001,100183,True,[],[],[],"[""css""]",[],[100001],verified,unresolved,183,0,3,6,3,False,False,182,1,unresolved,183,Hoja1!D20,"[""P1"",""P3"",""P4"",""P7"",""P14"",""P15""]","{""IDAT"":183,""IEND"":183,""IHDR"":183,""gAMA"":160,""pHYs"":183,""sRGB"":160}","[""avi_png_count_difference""]",98,85,98,182,[98],[],True
1,Hop,Subject.1/Hop/HopS1.avi,train,183,183,0,182,sals100001.png,sals100183.png,100001,100183,True,[],[],[],"[""sals""]",[],[100001],sals100001.txt,sals100183.txt,100001,100183,True,[],[],[],"[""sals""]",[],[100001],verified,unresolved,183,0,0,0,0,False,False,182,1,unresolved,183,Hoja1!D11,"[""P1"",""P3"",""P4"",""P7"",""P14"",""P15""]","{""IDAT"":183,""IEND"":183,""IHDR"":183,""gAMA"":183,""pHYs"":183,""sRGB"":183}","[""avi_png_count_difference""]",183,0,,,[],[],
1,Kneel,Subject.1/Kneel/KneelS1.avi,train,220,220,0,219,ars100001.png,ars100220.png,100001,100220,True,[],[],[],"[""ars""]",[],[100001],ars100001.txt,ars100220.txt,100001,100220,True,[],[],[],"[""ars""]",[],[100001],verified,unresolved,220,0,1,1,1,False,False,219,1,unresolved,220,Hoja1!D12,"[""P1"",""P3"",""P4"",""P7"",""P14"",""P15""]","{""IDAT"":220,""IEND"":220,""IHDR"":220,""gAMA"":207,""pHYs"":220,""sRGB"":207}","[""avi_png_count_difference""]",220,0,,,[],[],
1,Pick up object,Subject.1/Pick up object/PickupobjectS1.avi,train,118,118,0,117,res100001.png,res100118.png,100001,100118,True,[],[],[],"[""res""]",[],[100001],res100001.txt,res100118.txt,100001,100118,True,[],[],[],"[""res""]",[],[100001],verified,unresolved,118,0,0,0,0,False,False,117,1,unresolved,118,Hoja1!D13,"[""P1"",""P3"",""P4"",""P7"",""P14"",""P15""]","{""IDAT"":118,""IEND"":118,""IHDR"":118,""gAMA"":97,""pHYs"":118,""sRGB"":86}","[""avi_png_count_difference""]",118,0,,,[],[],
1,Sit down,Subject.1/Sit down/SitDownS1.avi,train,188,188,0,187,ses100001.png,ses100189.png,100001,100189,False,[],"[[100148,100148]]",[],"[""ses""]",[],"[100001,100002]",ses100001.txt,ses100189.txt,100001,100189,False,[],"[[100148,100148]]",[],"[""ses""]",[],"[100001,100002]",verified,unresolved,188,0,0,0,0,False,False,187,1,unresolved,189,Hoja1!D14,"[""P1"",""P3"",""P4"",""P7"",""P14"",""P15""]","{""IDAT"":188,""IEND"":188,""IHDR"":188,""gAMA"":116,""pHYs"":188,""sRGB"":116}","[""png_numbering"",""txt_numbering"",""avi_png_count_difference""]",188,0,,,[],[],
1,Walk,Subject.1/Walk/WalkS1.avi,train,243,243,0,242,cams100001.png,cams100243.png,100001,100243,True,[],[],[],"[""cams""]",[],[100001],cams100001.txt,cams100243.txt,100001,100243,True,[],[],[],"[""cams""]",[],[100001],verified,unresolved,243,0,0,0,0,False,False,242,1,unresolved,243,Hoja1!D15,"[""P1"",""P3"",""P4"",""P7"",""P14"",""P15""]","{""IDAT"":243,""IEND"":243,""IHDR"":243,""pHYs"":243,""gAMA"":142,""sRGB"":142}","[""avi_png_count_difference""]",243,0,,,[],[],
2,Fall backwards,Subject.2/Fall backwards/FallBackwardsS2.avi,train,121,121,0,120,cas200001.png,cas200121.png,200001,200121,True,[],[],[],"[""cas""]","[""cas200091 - copia.png""]",[200001],cas200001.txt,cas200121.txt,200001,200121,True,[],[],[],"[""cas""]",[],[200001],verified,unresolved,120,1,1,1,1,False,False,119,2,unresolved,121,Hoja1!J16,"[""P1"",""P3"",""P4"",""P7"",""P14"",""P15""]","{""IDAT"":121,""IEND"":121,""IHDR"":121,""gAMA"":105,""pHYs"":121,""sRGB"":105}","[""stem_identity"",""avi_png_count_difference""]",63,58,63,120,[63],[],True
2,Fall forward,Subject.2/Fall forward/FallForwardS2.avi,train,107,107,0,106,cfs200001.png,cfs200107.png,200001,200107,True,[],[],[],"[""cfs""]",[],[200001],cfs200001.txt,cfs200107.txt,200001,200107,True,[],[],[],"[""cfs""]",[],[200001],verified,unresolved,107,0,0,0,0,False,False,106,1,unresolved,107,Hoja1!J17,"[""P1"",""P3"",""P4"",""P7"",""P14"",""P15""]","{""IDAT"":107,""IEND"":107,""IHDR"":107,""gAMA"":24,""pHYs"":107,""sRGB"":24}","[""avi_png_count_difference""]",24,83,24,106,[24],[],True
2,Fall left,Subject.2/Fall left/FallLeftS2.avi,train,110,110,0,109,cis200001.png,cis200110.png,200001,200110,True,[],[],[],"[""cis""]",[],[200001],cis200001.txt,cis200110.txt,200001,200110,True,[],[],[],"[""cis""]",[],[200001],verified,unresolved,110,0,0,0,0,False,False,109,1,unresolved,110,Hoja1!J18,"[""P1"",""P3"",""P4"",""P7"",""P14"",""P15""]","{""IDAT"":110,""IEND"":110,""IHDR"":110,""gAMA"":110,""pHYs"":110,""sRGB"":110}","[""avi_png_count_difference""]",32,78,32,109,[32],[],True
2,Fall right,Subject.2/Fall right/FallRightS2.avi,train,147,147,0,146,cds200001.png,cds200147.png,200001,200147,True,[],[],[],"[""cds""]",[],[200001],cds200001.txt,cds200147.txt,200001,200147,True,[],[],[],"[""cds""]",[],[200001],verified,unresolved,147,0,0,0,0,False,False,146,1,unresolved,147,Hoja1!J19,"[""P1"",""P3"",""P4"",""P7"",""P14"",""P15""]","{""IDAT"":147,""IEND"":147,""IHDR"":147,""pHYs"":147,""gAMA"":65,""sRGB"":65}","[""avi_png_count_difference""]",33,114,33,146,[33],[],True
2,Fall sitting,Subject.2/Fall sitting/FallSittingS2.avi,train,158,158,0,157,css200001.png,css200158.png,200001,200158,True,[],[],[],"[""css""]",[],[200001],css200001.txt,css200158.txt,200001,200158,True,[],[],[],"[""css""]",[],[200001],verified,unresolved,158,0,0,0,0,False,False,157,1,unresolved,158,Hoja1!J20,"[""P1"",""P3"",""P4"",""P7"",""P14"",""P15""]","{""IDAT"":158,""IEND"":158,""IHDR"":158,""gAMA"":158,""pHYs"":158,""sRGB"":158}","[""avi_png_count_difference""]",81,77,81,157,[81],[],True
2,Hop,Subject.2/Hop/HopS2.avi,train,172,172,0,171,sals200001.png,sals200172.png,200001,200172,True,[],[],[],"[""sals""]",[],[200001],sals200001.txt,sals200172.txt,200001,200172,True,[],[],[],"[""sals""]",[],[200001],verified,unresolved,172,0,1,1,1,False,False,171,1,unresolved,172,Hoja1!J11,"[""P1"",""P3"",""P4"",""P7"",""P14"",""P15""]","{""IDAT"":172,""IEND"":172,""IHDR"":172,""gAMA"":172,""pHYs"":172,""sRGB"":172}","[""avi_png_count_difference""]",172,0,,,[],[],
2,Kneel,Subject.2/Kneel/KneelS2.avi,train,131,131,0,130,ars200001.png,ars200131.png,200001,200131,True,[],[],[],"[""ars""]",[],[200001],ars200001.txt,ars200131.txt,200001,200131,True,[],[],[],"[""ars""]",[],[200001],verified,unresolved,131,0,0,0,0,False,False,130,1,unresolved,131,Hoja1!J12,"[""P1"",""P3"",""P4"",""P7"",""P14"",""P15""]","{""IDAT"":131,""IEND"":131,""IHDR"":131,""gAMA"":131,""pHYs"":131,""sRGB"":131}","[""avi_png_count_difference""]",131,0,,,[],[],
2,Pick up object,Subject.2/Pick up object/PickupobjectS2.avi,train,167,167,0,166,res200001.png,res200167.png,200001,200167,True,[],[],[],"[""res""]",[],[200001],res200001.txt,res200167.txt,200001,200167,True,[],[],[],"[""res""]",[],[200001],verified,unresolved,167,0,1,1,1,False,False,166,1,unresolved,167,Hoja1!J13,"[""P1"",""P3"",""P4"",""P7"",""P14"",""P15""]","{""IDAT"":167,""IEND"":167,""IHDR"":167,""gAMA"":133,""pHYs"":167,""sRGB"":133}","[""avi_png_count_difference""]",167,0,,,[],[],
2,Sit down,Subject.2/Sit down/SitDownS2.avi,train,113,113,0,112,ses200001.png,ses200113.png,200001,200113,True,[],[],[],"[""ses""]",[],[200001],ses200001.txt,ses200113.txt,200001,200113,True,[],[],[],"[""ses""]",[],[200001],verified,unresolved,113,0,0,0,0,False,False,112,1,unresolved,113,Hoja1!J14,"[""P1"",""P3"",""P4"",""P7"",""P14"",""P15""]","{""IDAT"":113,""IEND"":113,""IHDR"":113,""gAMA"":113,""pHYs"":113,""sRGB"":113}","[""avi_png_count_difference""]",113,0,,,[],[],
2,Walk,Subject.2/Walk/WalkS2.avi,train,245,245,0,244,cams200001.png,cams200245.png,200001,200245,True,[],[],[],"[""cams""]",[],[200001],cams200001.txt,cams200245.txt,200001,200245,True,[],[],[],"[""cams""]",[],[200001],verified,unresolved,245,0,1,1,1,False,False,244,1,unresolved,245,Hoja1!J15,"[""P1"",""P3"",""P4"",""P7"",""P14"",""P15""]","{""IDAT"":245,""IEND"":245,""IHDR"":245,""gAMA"":220,""pHYs"":245,""sRGB"":220}","[""avi_png_count_difference""]",245,0,,,[],[],
3,Fall backwards,Subject.3/Fall backwards/FallBackwardsS3.avi,train,167,167,0,166,cas300001.png,cas300167.png,300001,300167,True,[],[],[],"[""cas""]",[],[300001],cas300001.txt,cas300167.txt,300001,300167,True,[],[],[],"[""cas""]",[],[300001],verified,unresolved,167,0,0,0,0,False,False,166,1,unresolved,167,Hoja1!D31,"[""P1"",""P3"",""P4"",""P7"",""P14"",""P15""]","{""IDAT"":167,""IEND"":167,""IHDR"":167,""pHYs"":167,""gAMA"":96,""sRGB"":96}","[""avi_png_count_difference""]",67,100,67,166,[67],[],True
3,Fall forward,Subject.3/Fall forward/FallForwardS3.avi,train,154,154,0,153,cfs300001.png,cfs300154.png,300001,300154,True,[],[],[],"[""cfs""]",[],[300001],cfs300001.txt,cfs300154.txt,300001,300154,True,[],[],[],"[""cfs""]",[],[300001],verified,unresolved,154,0,0,0,0,False,False,153,1,unresolved,154,Hoja1!D32,"[""P1"",""P3"",""P4"",""P7"",""P14"",""P15""]","{""IDAT"":154,""IEND"":154,""IHDR"":154,""gAMA"":135,""pHYs"":154,""sRGB"":135}","[""avi_png_count_difference""]",84,70,84,153,[84],[],True
3,Fall left,Subject.3/Fall left/FallLeftS3.avi,train,172,172,0,171,cis300001.png,cis300172.png,300001,300172,True,[],[],[],"[""cis""]",[],[300001],cis300001.txt,cis300172.txt,300001,300172,True,[],[],[],"[""cis""]",[],[300001],verified,unresolved,172,0,0,0,0,False,False,171,1,unresolved,172,Hoja1!D33,"[""P1"",""P3"",""P4"",""P7"",""P14"",""P15""]","{""IDAT"":172,""IEND"":172,""IHDR"":172,""pHYs"":172,""gAMA"":97,""sRGB"":97}","[""avi_png_count_difference""]",102,70,102,171,[102],[],True
3,Fall right,Subject.3/Fall right/FallRightS3.avi,train,221,221,0,220,cds300001.png,cds300221.png,300001,300221,True,[],[],[],"[""cds""]",[],[300001],cds300001.txt,cds300221.txt,300001,300221,True,[],[],[],"[""cds""]",[],[300001],verified,unresolved,221,0,0,0,0,False,False,220,1,unresolved,221,Hoja1!D34,"[""P1"",""P3"",""P4"",""P7"",""P14"",""P15""]","{""IDAT"":221,""IEND"":221,""IHDR"":221,""pHYs"":221,""gAMA"":48,""sRGB"":48}","[""avi_png_count_difference""]",53,168,53,220,[53],[],True
3,Fall sitting,Subject.3/Fall sitting/FallSittingS3.avi,train,203,203,0,202,css300001.png,css300203.png,300001,300203,True,[],[],[],"[""css""]",[],[300001],css300001.txt,css300203.txt,300001,300203,True,[],[],[],"[""css""]",[],[300001],verified,unresolved,203,0,0,0,0,False,False,202,1,unresolved,203,Hoja1!D35,"[""P1"",""P3"",""P4"",""P7"",""P14"",""P15""]","{""IDAT"":203,""IEND"":203,""IHDR"":203,""gAMA"":122,""pHYs"":203,""sRGB"":122}","[""avi_png_count_difference""]",51,152,51,202,[51],[],True
3,Hop,Subject.3/Hop/HopS3.avi,train,163,163,0,162,sals300001.png,sals300163.png,300001,300163,True,[],[],[],"[""sals""]",[],[300001],sals300001.txt,sals300163.txt,300001,300163,True,[],[],[],"[""sals""]",[],[300001],verified,unresolved,163,0,0,0,0,False,False,162,1,unresolved,163,Hoja1!D26,"[""P1"",""P3"",""P4"",""P7"",""P14"",""P15""]","{""IDAT"":163,""IEND"":163,""IHDR"":163,""pHYs"":163,""gAMA"":155,""sRGB"":155}","[""avi_png_count_difference""]",163,0,,,[],[],
3,Kneel,Subject.3/Kneel/KneelS3.avi,train,214,214,0,213,ars300001.png,ars300214.png,300001,300214,True,[],[],[],"[""ars""]",[],[300001],ars300001.txt,ars300214.txt,300001,300214,True,[],[],[],"[""ars""]",[],[300001],verified,unresolved,214,0,0,0,0,False,False,213,1,unresolved,214,Hoja1!D27,"[""P1"",""P3"",""P4"",""P7"",""P14"",""P15""]","{""IDAT"":214,""IEND"":214,""IHDR"":214,""pHYs"":214,""gAMA"":145,""sRGB"":145}","[""avi_png_count_difference""]",214,0,,,[],[],
3,Pick up object,Subject.3/Pick up object/PickupobjectS3.avi,train,187,187,0,186,res300001.png,res300187.png,300001,300187,True,[],[],[],"[""res""]",[],[300001],res300001.txt,res300187.txt,300001,300187,True,[],[],[],"[""res""]",[],[300001],verified,unresolved,187,0,0,0,0,False,False,186,1,unresolved,187,Hoja1!D28,"[""P1"",""P3"",""P4"",""P7"",""P14"",""P15""]","{""IDAT"":187,""IEND"":187,""IHDR"":187,""gAMA"":117,""pHYs"":187,""sRGB"":117}","[""avi_png_count_difference""]",187,0,,,[],[],
3,Sit down,Subject.3/Sit down/SitDownS3.avi,train,262,262,0,261,ses300001.png,ses300262.png,300001,300262,True,[],[],[],"[""ses""]",[],[300001],ses300001.txt,ses300262.txt,300001,300262,True,[],[],[],"[""ses""]",[],[300001],verified,unresolved,262,0,0,0,0,False,False,261,1,unresolved,262,Hoja1!D29,"[""P1"",""P3"",""P4"",""P7"",""P14"",""P15""]","{""IDAT"":262,""IEND"":262,""IHDR"":262,""gAMA"":126,""pHYs"":262,""sRGB"":126}","[""avi_png_count_difference""]",262,0,,,[],[],
3,Walk,Subject.3/Walk/WalkS3.avi,train,177,177,0,176,cams300001.png,cams300177.png,300001,300177,True,[],[],[],"[""cams""]",[],[300001],cams300001.txt,cams300177.txt,300001,300177,True,[],[],[],"[""cams""]",[],[300001],verified,unresolved,177,0,0,0,0,False,False,176,1,unresolved,177,Hoja1!D30,"[""P1"",""P3"",""P4"",""P7"",""P14"",""P15""]","{""IDAT"":177,""IEND"":177,""IHDR"":177,""pHYs"":177,""gAMA"":108,""sRGB"":108}","[""avi_png_count_difference""]",177,0,,,[],[],
4,Fall backwards,Subject.4/Fall backwards/FallBackwardsS4.avi,train,193,193,0,192,cas400001.png,cas400193.png,400001,400193,True,[],[],[],"[""cas""]",[],[400001],cas400001.txt,cas400193.txt,400001,400193,True,[],[],[],"[""cas""]",[],[400001],verified,unresolved,193,0,0,0,0,False,False,192,1,unresolved,193,Hoja1!J31,"[""P1"",""P3"",""P4"",""P7"",""P14"",""P15""]","{""IDAT"":193,""IEND"":193,""IHDR"":193,""pHYs"":193,""gAMA"":141,""sRGB"":141}","[""avi_png_count_difference""]",70,123,70,192,[70],[],True
4,Fall forward,Subject.4/Fall forward/FallForwardS4.avi,train,169,169,0,168,cfs400001.png,cfs400169.png,400001,400169,True,[],[],[],"[""cfs""]",[],[400001],cfs400001.txt,cfs400169.txt,400001,400169,True,[],[],[],"[""cfs""]",[],[400001],verified,unresolved,169,0,1,1,1,True,False,168,1,unresolved,169,Hoja1!J32,"[""P1"",""P3"",""P4"",""P7"",""P14"",""P15""]","{""IDAT"":169,""IEND"":169,""IHDR"":169,""gAMA"":14,""pHYs"":169,""sRGB"":14}","[""avi_png_count_difference""]",25,144,25,168,[25],[],True
4,Fall left,Subject.4/Fall left/FallLeftS4.avi,train,163,163,0,162,cis400001.png,cis400163.png,400001,400163,True,[],[],[],"[""cis""]",[],[400001],cis400001.txt,cis400163.txt,400001,400163,True,[],[],[],"[""cis""]",[],[400001],verified,unresolved,163,0,0,0,0,False,False,162,1,unresolved,163,Hoja1!J33,"[""P1"",""P3"",""P4"",""P7"",""P14"",""P15""]","{""IDAT"":163,""IEND"":163,""IHDR"":163,""gAMA"":120,""pHYs"":163,""sRGB"":120}","[""avi_png_count_difference""]",61,102,61,162,[61],[],True
4,Fall right,Subject.4/Fall right/FallRightS4.avi,train,151,151,0,150,cds400001.png,cds400151.png,400001,400151,True,[],[],[],"[""cds""]",[],[400001],cds400001.txt,cds400151.txt,400001,400151,True,[],[],[],"[""cds""]",[],[400001],verified,unresolved,151,0,0,0,0,False,False,150,1,unresolved,151,Hoja1!J34,"[""P1"",""P3"",""P4"",""P7"",""P14"",""P15""]","{""IDAT"":151,""IEND"":151,""IHDR"":151,""pHYs"":151,""gAMA"":18,""sRGB"":18}","[""avi_png_count_difference""]",47,104,47,150,[47],[],True
4,Fall sitting,Subject.4/Fall sitting/FallSittingS4.avi,train,199,199,0,198,css400001.png,css400199.png,400001,400199,True,[],[],[],"[""css""]",[],[400001],css400001.txt,css400199.txt,400001,400199,True,[],[],[],"[""css""]",[],[400001],verified,unresolved,199,0,0,0,0,False,False,198,1,unresolved,199,Hoja1!J35,"[""P1"",""P3"",""P4"",""P7"",""P14"",""P15""]","{""IDAT"":199,""IEND"":199,""IHDR"":199,""gAMA"":73,""pHYs"":199,""sRGB"":73}","[""avi_png_count_difference""]",61,138,61,198,[61],[],True
4,Hop,Subject.4/Hop/HopS4.avi,train,145,145,0,144,sals400001.png,sals400145.png,400001,400145,True,[],[],[],"[""sals""]",[],[400001],sals400001.txt,sals400145.txt,400001,400145,True,[],[],[],"[""sals""]",[],[400001],verified,unresolved,145,0,0,0,0,False,False,144,1,unresolved,145,Hoja1!J26,"[""P1"",""P3"",""P4"",""P7"",""P14"",""P15""]","{""IDAT"":145,""IEND"":145,""IHDR"":145,""gAMA"":145,""pHYs"":145,""sRGB"":145}","[""avi_png_count_difference""]",145,0,,,[],[],
4,Kneel,Subject.4/Kneel/KneelS4.avi,train,223,223,0,222,ars400001.png,ars400223.png,400001,400223,True,[],[],[],"[""ars""]",[],[400001],ars400001.txt,ars400223.txt,400001,400223,True,[],[],[],"[""ars""]",[],[400001],verified,unresolved,223,0,0,0,0,False,False,222,1,unresolved,223,Hoja1!J27,"[""P1"",""P3"",""P4"",""P7"",""P14"",""P15""]","{""IDAT"":223,""IEND"":223,""IHDR"":223,""gAMA"":163,""pHYs"":223,""sRGB"":163}","[""avi_png_count_difference""]",223,0,,,[],[],
4,Pick up object,Subject.4/Pick up object/PickupobjectS4.avi,train,180,180,0,179,res400001.png,res400180.png,400001,400180,True,[],[],[],"[""res""]",[],[400001],res400001.txt,res400180.txt,400001,400180,True,[],[],[],"[""res""]",[],[400001],verified,unresolved,180,0,1,10,1,False,True,179,1,unresolved,180,Hoja1!J28,"[""P1"",""P3"",""P4"",""P7"",""P14"",""P15""]","{""IDAT"":180,""IEND"":180,""IHDR"":180,""pHYs"":180,""gAMA"":1,""sRGB"":1}","[""avi_png_count_difference""]",180,0,,,[],[],
4,Sit down,Subject.4/Sit down/SitDownS4.avi,train,200,200,0,199,ses400001.png,ses400200.png,400001,400200,True,[],[],[],"[""ses""]",[],[400001],ses400001.txt,ses400200.txt,400001,400200,True,[],[],[],"[""ses""]",[],[400001],verified,unresolved,200,0,0,0,0,False,False,199,1,unresolved,200,Hoja1!J29,"[""P1"",""P3"",""P4"",""P7"",""P14"",""P15""]","{""IDAT"":200,""IEND"":200,""IHDR"":200,""gAMA"":200,""pHYs"":200,""sRGB"":200}","[""avi_png_count_difference""]",200,0,,,[],[],
4,Walk,Subject.4/Walk/WalkS4.avi,train,241,241,0,240,cams400001.png,cams400241.png,400001,400241,True,[],[],[],"[""cams""]",[],[400001],cams400001.txt,cams400241.txt,400001,400241,True,[],[],[],"[""cams""]",[],[400001],verified,unresolved,241,0,0,0,0,False,False,240,1,unresolved,241,Hoja1!J30,"[""P1"",""P3"",""P4"",""P7"",""P14"",""P15""]","{""IDAT"":241,""IEND"":241,""IHDR"":241,""gAMA"":176,""pHYs"":241,""sRGB"":176}","[""avi_png_count_difference""]",241,0,,,[],[],
8,Fall backwards,Subject.8/Fall backwards/FallBackwardsS8.avi,train,213,213,0,212,cas800001.png,cas800213.png,800001,800213,True,[],[],[],"[""cas""]",[],[800001],cas800001.txt,cas800213.txt,800001,800213,True,[],[],[],"[""cas""]",[],[800001],verified,unresolved,213,0,0,0,0,False,False,212,1,unresolved,213,Hoja1!J61,"[""P1"",""P3"",""P4"",""P7"",""P14"",""P15""]","{""IDAT"":213,""IEND"":213,""IHDR"":213,""pHYs"":213,""gAMA"":182,""sRGB"":182}","[""avi_png_count_difference""]",64,149,64,212,[64],[],True
8,Fall forward,Subject.8/Fall forward/FallForwardS8.avi,train,123,123,0,122,cfs800001.png,cfs800123.png,800001,800123,True,[],[],[],"[""cfs""]",[],[800001],cfs800001.txt,cfs800123.txt,800001,800123,True,[],[],[],"[""cfs""]",[],[800001],verified,unresolved,123,0,0,0,0,False,False,122,1,unresolved,123,Hoja1!J62,"[""P1"",""P3"",""P4"",""P7"",""P14"",""P15""]","{""IDAT"":123,""IEND"":123,""IHDR"":123,""gAMA"":62,""pHYs"":123,""sRGB"":62}","[""avi_png_count_difference""]",40,83,40,122,[40],[],True
8,Fall left,Subject.8/Fall left/FallLeftS8.avi,train,203,203,0,202,cis800001.png,cis800203.png,800001,800203,True,[],[],[],"[""cis""]",[],[800001],cis800001.txt,cis800203.txt,800001,800203,True,[],[],[],"[""cis""]",[],[800001],verified,unresolved,203,0,0,0,0,False,False,202,1,unresolved,203,Hoja1!J63,"[""P1"",""P3"",""P4"",""P7"",""P14"",""P15""]","{""IDAT"":203,""IEND"":203,""IHDR"":203,""gAMA"":190,""pHYs"":203,""sRGB"":190}","[""avi_png_count_difference""]",57,146,57,202,[57],[],True
8,Fall right,Subject.8/Fall right/FallRightS8.avi,train,230,230,0,229,cds800001.png,cds800230.png,800001,800230,True,[],[],[],"[""cds""]",[],[800001],cds800001.txt,cds800230.txt,800001,800230,True,[],[],[],"[""cds""]",[],[800001],verified,unresolved,230,0,0,0,0,False,False,229,1,unresolved,230,Hoja1!J64,"[""P1"",""P3"",""P4"",""P7"",""P14"",""P15""]","{""IDAT"":230,""IEND"":230,""IHDR"":230,""gAMA"":230,""pHYs"":230,""sRGB"":230}","[""avi_png_count_difference""]",59,171,59,229,[59],[],True
8,Fall sitting,Subject.8/Fall sitting/FallSittingS8.avi,train,235,235,0,234,css800001.png,css800235.png,800001,800235,True,[],[],[],"[""css""]",[],[800001],css800001.txt,css800235.txt,800001,800235,True,[],[],[],"[""css""]",[],[800001],verified,unresolved,235,0,0,0,0,False,False,234,1,unresolved,235,Hoja1!J65,"[""P1"",""P3"",""P4"",""P7"",""P14"",""P15""]","{""IDAT"":235,""IEND"":235,""IHDR"":235,""gAMA"":194,""pHYs"":235,""sRGB"":194}","[""avi_png_count_difference""]",80,155,80,234,[80],[],True
8,Hop,Subject.8/Hop/HopS8.avi,train,167,167,0,166,sals800001.png,sals800167.png,800001,800167,True,[],[],[],"[""sals""]",[],[800001],sals800001.txt,sals800167.txt,800001,800167,True,[],[],[],"[""sals""]","[""sals800096a.txt""]",[800001],verified,unresolved,166,1,0,0,0,False,False,166,1,unresolved,167,Hoja1!J56,"[""P1"",""P3"",""P4"",""P7"",""P14"",""P15""]","{""IDAT"":167,""IEND"":167,""IHDR"":167,""gAMA"":143,""pHYs"":167,""sRGB"":143}","[""stem_identity"",""avi_png_count_difference""]",167,0,,,[],[],
8,Kneel,Subject.8/Kneel/KneelS8.avi,train,257,257,0,256,ars800001.png,ars800257.png,800001,800257,True,[],[],[],"[""ars""]",[],[800001],ars800001.txt,ars800257.txt,800001,800257,True,[],[],[],"[""ars""]",[],[800001],verified,unresolved,257,0,0,0,0,False,False,256,1,unresolved,257,Hoja1!J57,"[""P1"",""P3"",""P4"",""P7"",""P14"",""P15""]","{""IDAT"":257,""IEND"":257,""IHDR"":257,""gAMA"":243,""pHYs"":257,""sRGB"":243}","[""avi_png_count_difference""]",257,0,,,[],[],
8,Pick up object,Subject.8/Pick up object/PickupobjectS8.avi,train,267,267,0,266,res800001.png,res800267.png,800001,800267,True,[],[],[],"[""res""]",[],[800001],res800001.txt,res800267.txt,800001,800267,True,[],[],[],"[""res""]","[""res800090a.txt""]",[800001],verified,unresolved,266,1,0,0,0,False,False,266,1,unresolved,267,Hoja1!J58,"[""P1"",""P3"",""P4"",""P7"",""P14"",""P15""]","{""IDAT"":267,""IEND"":267,""IHDR"":267,""gAMA"":179,""pHYs"":267,""sRGB"":179}","[""stem_identity"",""avi_png_count_difference""]",267,0,,,[],[],
8,Sit down,Subject.8/Sit down/SitDownS8.avi,train,213,213,0,212,ses800001.png,ses800213.png,800001,800213,True,[],[],[],"[""ses""]",[],[800001],ses800001.txt,ses800213.txt,800001,800213,True,[],[],[],"[""ses""]",[],[800001],verified,unresolved,213,0,0,0,0,False,False,212,1,unresolved,213,Hoja1!J59,"[""P1"",""P3"",""P4"",""P7"",""P14"",""P15""]","{""IDAT"":213,""IEND"":213,""IHDR"":213,""gAMA"":213,""pHYs"":213,""sRGB"":213}","[""avi_png_count_difference""]",213,0,,,[],[],
8,Walk,Subject.8/Walk/WalkS8.avi,train,217,217,0,216,cams800001.png,cams800217.png,800001,800217,True,[],[],[],"[""cams""]",[],[800001],cams800001.txt,cams800217.txt,800001,800217,True,[],[],[],"[""cams""]",[],[800001],verified,unresolved,217,0,0,0,0,False,False,216,1,unresolved,217,Hoja1!J60,"[""P1"",""P3"",""P4"",""P7"",""P14"",""P15""]","{""IDAT"":217,""IEND"":217,""IHDR"":217,""gAMA"":137,""pHYs"":217,""sRGB"":137}","[""avi_png_count_difference""]",217,0,,,[],[],
9,Fall backwards,Subject.9/Fall backwards/FallBackwardsS9.avi,train,253,253,0,252,cas900001.png,cas900253.png,900001,900253,True,[],[],[],"[""cas""]",[],[900001],cas900001.txt,cas900253.txt,900001,900253,True,[],[],[],"[""cas""]",[],[900001],verified,unresolved,253,0,1,1,1,False,False,252,1,unresolved,253,Hoja1!D76,"[""P1"",""P3"",""P4"",""P7"",""P14"",""P15""]","{""IDAT"":253,""IEND"":253,""IHDR"":253,""gAMA"":253,""pHYs"":253,""sRGB"":253}","[""avi_png_count_difference""]",65,188,65,252,[65],[],True
9,Fall forward,Subject.9/Fall forward/FallForwardS9.avi,train,149,149,0,148,cfs900001.png,cfs900149.png,900001,900149,True,[],[],[],"[""cfs""]",[],[900001],cfs900001.txt,cfs900149.txt,900001,900149,True,[],[],[],"[""cfs""]",[],[900001],verified,unresolved,149,0,0,0,0,False,False,148,1,unresolved,149,Hoja1!D77,"[""P1"",""P3"",""P4"",""P7"",""P14"",""P15""]","{""IDAT"":149,""IEND"":149,""IHDR"":149,""gAMA"":71,""pHYs"":149,""sRGB"":71}","[""avi_png_count_difference""]",102,47,56,102,[56],[103],True
9,Fall left,Subject.9/Fall left/FallLeftS9.avi,train,208,208,0,207,cis900001.png,cis900208.png,900001,900208,True,[],[],[],"[""cis""]",[],[900001],cis900001.txt,cis900208.txt,900001,900208,True,[],[],[],"[""cis""]",[],[900001],verified,unresolved,208,0,0,0,0,False,False,207,1,unresolved,208,Hoja1!D78,"[""P1"",""P3"",""P4"",""P7"",""P14"",""P15""]","{""IDAT"":208,""IEND"":208,""IHDR"":208,""gAMA"":181,""pHYs"":208,""sRGB"":181}","[""avi_png_count_difference""]",55,153,55,207,[55],[],True
9,Fall right,Subject.9/Fall right/FallRightS9.avi,train,190,190,0,189,cds900001.png,cds900190.png,900001,900190,True,[],[],[],"[""cds""]",[],[900001],cds900001.txt,cds900190.txt,900001,900190,True,[],[],[],"[""cds""]",[],[900001],verified,unresolved,190,0,0,0,0,False,False,189,1,unresolved,190,Hoja1!D79,"[""P1"",""P3"",""P4"",""P7"",""P14"",""P15""]","{""IDAT"":190,""IEND"":190,""IHDR"":190,""gAMA"":190,""pHYs"":190,""sRGB"":181}","[""avi_png_count_difference""]",57,133,57,189,[57],[],True
9,Fall sitting,Subject.9/Fall sitting/FallSittingS9.avi,train,217,217,0,216,css900001.png,css900217.png,900001,900217,True,[],[],[],"[""css""]",[],[900001],css900001.txt,css900217.txt,900001,900217,True,[],[],[],"[""css""]",[],[900001],verified,unresolved,217,0,1,37,1,False,True,216,1,unresolved,217,Hoja1!D80,"[""P1"",""P3"",""P4"",""P7"",""P14"",""P15""]","{""IDAT"":217,""IEND"":217,""IHDR"":217,""gAMA"":217,""pHYs"":217,""sRGB"":149}","[""avi_png_count_difference""]",89,128,89,216,[89],[],True
9,Hop,Subject.9/Hop/HopS9.avi,train,213,213,0,212,sals900001.png,sals900213.png,900001,900213,True,[],[],[],"[""sals""]",[],[900001],sals900001.txt,sals900213.txt,900001,900213,True,[],[],[],"[""sals""]",[],[900001],verified,unresolved,213,0,2,2,2,False,False,212,1,unresolved,213,Hoja1!D71,"[""P1"",""P3"",""P4"",""P7"",""P14"",""P15""]","{""IDAT"":213,""IEND"":213,""IHDR"":213,""gAMA"":213,""pHYs"":213,""sRGB"":89}","[""avi_png_count_difference""]",213,0,,,[],[],
9,Kneel,Subject.9/Kneel/KneelS9.avi,train,217,217,0,216,ars900001.png,ars900217.png,900001,900217,True,[],[],[],"[""ars""]",[],[900001],ars900001.txt,ars900217.txt,900001,900217,True,[],[],[],"[""ars""]",[],[900001],verified,unresolved,217,0,1,1,1,False,False,216,1,unresolved,217,Hoja1!D72,"[""P1"",""P3"",""P4"",""P7"",""P14"",""P15""]","{""IDAT"":217,""IEND"":217,""IHDR"":217,""gAMA"":217,""pHYs"":217,""sRGB"":216}","[""avi_png_count_difference""]",217,0,,,[],[],
9,Pick up object,Subject.9/Pick up object/PickupobjectS9.avi,train,221,221,0,220,res900001.png,res900221.png,900001,900221,True,[],[],[],"[""res""]",[],[900001],res900001.txt,res900221.txt,900001,900221,True,[],[],[],"[""res""]",[],[900001],verified,unresolved,221,0,0,0,0,False,False,220,1,unresolved,221,Hoja1!D73,"[""P1"",""P3"",""P4"",""P7"",""P14"",""P15""]","{""IDAT"":221,""IEND"":221,""IHDR"":221,""gAMA"":221,""pHYs"":221,""sRGB"":192}","[""avi_png_count_difference""]",221,0,,,[],[],
9,Sit down,Subject.9/Sit down/SitDownS9.avi,train,239,239,0,238,ses900001.png,ses900239.png,900001,900239,True,[],[],[],"[""ses""]",[],[900001],ses900001.txt,ses900239.txt,900001,900239,True,[],[],[],"[""ses""]",[],[900001],verified,unresolved,239,0,0,0,0,False,False,238,1,unresolved,239,Hoja1!D74,"[""P1"",""P3"",""P4"",""P7"",""P14"",""P15""]","{""IDAT"":239,""IEND"":239,""IHDR"":239,""gAMA"":239,""pHYs"":239,""sRGB"":182}","[""avi_png_count_difference""]",239,0,,,[],[],
9,Walk,Subject.9/Walk/WalkS9.avi,train,235,235,0,234,cams900001.png,cams900235.png,900001,900235,True,[],[],[],"[""cams""]",[],[900001],cams900001.txt,cams900235.txt,900001,900235,True,[],[],[],"[""cams""]","[""cams900140w.txt""]",[900001],verified,unresolved,234,1,0,0,0,False,False,234,1,unresolved,235,Hoja1!D75,"[""P1"",""P3"",""P4"",""P7"",""P14"",""P15""]","{""IDAT"":235,""IEND"":235,""IHDR"":235,""gAMA"":172,""pHYs"":235,""sRGB"":171}","[""stem_identity"",""avi_png_count_difference""]",235,0,,,[],[],
