subject_id,activity,source_video_identity,split,anomaly,status,evidence,png_filename,annotation_filename,png_ordinal_index,sequence_key,previous_png,next_png
1,Fall backwards,Subject.1/Fall backwards/FallBackwardsS1.avi,train,avi_png_count_difference,unresolved,"{""png_minus_avi"":1,""pixel_duplicate_excess"":0,""unique_png_count_minus_avi"":1,""interpretation"":""duplicate removal is hypothetical arithmetic, not an authorized timeline repair or causal explanation""}",,,,,,
1,Fall forward,Subject.1/Fall forward/FallForwardS1.avi,train,avi_png_count_difference,unresolved,"{""png_minus_avi"":1,""pixel_duplicate_excess"":1,""unique_png_count_minus_avi"":0,""interpretation"":""duplicate removal is hypothetical arithmetic, not an authorized timeline repair or causal explanation""}",,,,,,
1,Fall left,Subject.1/Fall left/FallLeftS1.avi,train,avi_png_count_difference,unresolved,"{""png_minus_avi"":1,""pixel_duplicate_excess"":2,""unique_png_count_minus_avi"":-1,""interpretation"":""duplicate removal is hypothetical arithmetic, not an authorized timeline repair or causal explanation""}",,,,,,
1,Fall right,Subject.1/Fall right/FallRightS1.avi,train,avi_png_count_difference,unresolved,"{""png_minus_avi"":1,""pixel_duplicate_excess"":0,""unique_png_count_minus_avi"":1,""interpretation"":""duplicate removal is hypothetical arithmetic, not an authorized timeline repair or causal explanation""}",,,,,,
1,Fall sitting,Subject.1/Fall sitting/FallSittingS1.avi,train,avi_png_count_difference,unresolved,"{""png_minus_avi"":1,""pixel_duplicate_excess"":6,""unique_png_count_minus_avi"":-5,""interpretation"":""duplicate removal is hypothetical arithmetic, not an authorized timeline repair or causal explanation""}",,,,,,
1,Hop,Subject.1/Hop/HopS1.avi,train,avi_png_count_difference,unresolved,"{""png_minus_avi"":1,""pixel_duplicate_excess"":0,""unique_png_count_minus_avi"":1,""interpretation"":""duplicate removal is hypothetical arithmetic, not an authorized timeline repair or causal explanation""}",,,,,,
1,Kneel,Subject.1/Kneel/KneelS1.avi,train,avi_png_count_difference,unresolved,"{""png_minus_avi"":1,""pixel_duplicate_excess"":1,""unique_png_count_minus_avi"":0,""interpretation"":""duplicate removal is hypothetical arithmetic, not an authorized timeline repair or causal explanation""}",,,,,,
1,Pick up object,Subject.1/Pick up object/PickupobjectS1.avi,train,avi_png_count_difference,unresolved,"{""png_minus_avi"":1,""pixel_duplicate_excess"":0,""unique_png_count_minus_avi"":1,""interpretation"":""duplicate removal is hypothetical arithmetic, not an authorized timeline repair or causal explanation""}",,,,,,
1,Sit down,Subject.1/Sit down/SitDownS1.avi,train,png_numbering,observed_no_repair,"{""first_filename"":""ses100001.png"",""last_filename"":""ses100189.png"",""first_index"":100001,""last_index"":100189,""contiguous"":false,""duplicate_indices"":[],""gaps"":[[100148,100148]],""unparsed"":[],""prefixes"":[""ses""],""suffix_variants"":[],""index_minus_ordinal"":[100001,100002]}",,,,,,
1,Sit down,Subject.1/Sit down/SitDownS1.avi,train,txt_numbering,observed_no_repair,"{""first_filename"":""ses100001.txt"",""last_filename"":""ses100189.txt"",""first_index"":100001,""last_index"":100189,""contiguous"":false,""duplicate_indices"":[],""gaps"":[[100148,100148]],""unparsed"":[],""prefixes"":[""ses""],""suffix_variants"":[],""index_minus_ordinal"":[100001,100002]}",,,,,,
1,Sit down,Subject.1/Sit down/SitDownS1.avi,train,avi_png_count_difference,unresolved,"{""png_minus_avi"":1,""pixel_duplicate_excess"":0,""unique_png_count_minus_avi"":1,""interpretation"":""duplicate removal is hypothetical arithmetic, not an authorized timeline repair or causal explanation""}",,,,,,
1,Walk,Subject.1/Walk/WalkS1.avi,train,avi_png_count_difference,unresolved,"{""png_minus_avi"":1,""pixel_duplicate_excess"":0,""unique_png_count_minus_avi"":1,""interpretation"":""duplicate removal is hypothetical arithmetic, not an authorized timeline repair or causal explanation""}",,,,,,
2,Fall backwards,Subject.2/Fall backwards/FallBackwardsS2.avi,train,stem_identity,verified_explicit_sequence_alias,explicit known pair; unique same prefix and unchanged numeric token in each file set; no competing identity; sources retained,cas200091 - copia.png,cas200091.txt,90,"('cas', '200091')",cas200090.png,cas200092.png
2,Fall backwards,Subject.2/Fall backwards/FallBackwardsS2.avi,train,avi_png_count_difference,unresolved,"{""png_minus_avi"":2,""pixel_duplicate_excess"":1,""unique_png_count_minus_avi"":1,""interpretation"":""duplicate removal is hypothetical arithmetic, not an authorized timeline repair or causal explanation""}",,,,,,
2,Fall forward,Subject.2/Fall forward/FallForwardS2.avi,train,avi_png_count_difference,unresolved,"{""png_minus_avi"":1,""pixel_duplicate_excess"":0,""unique_png_count_minus_avi"":1,""interpretation"":""duplicate removal is hypothetical arithmetic, not an authorized timeline repair or causal explanation""}",,,,,,
2,Fall left,Subject.2/Fall left/FallLeftS2.avi,train,avi_png_count_difference,unresolved,"{""png_minus_avi"":1,""pixel_duplicate_excess"":0,""unique_png_count_minus_avi"":1,""interpretation"":""duplicate removal is hypothetical arithmetic, not an authorized timeline repair or causal explanation""}",,,,,,
2,Fall right,Subject.2/Fall right/FallRightS2.avi,train,avi_png_count_difference,unresolved,"{""png_minus_avi"":1,""pixel_duplicate_excess"":0,""unique_png_count_minus_avi"":1,""interpretation"":""duplicate removal is hypothetical arithmetic, not an authorized timeline repair or causal explanation""}",,,,,,
2,Fall sitting,Subject.2/Fall sitting/FallSittingS2.avi,train,avi_png_count_difference,unresolved,"{""png_minus_avi"":1,""pixel_duplicate_excess"":0,""unique_png_count_minus_avi"":1,""interpretation"":""duplicate removal is hypothetical arithmetic, not an authorized timeline repair or causal explanation""}",,,,,,
2,Hop,Subject.2/Hop/HopS2.avi,train,avi_png_count_difference,unresolved,"{""png_minus_avi"":1,""pixel_duplicate_excess"":1,""unique_png_count_minus_avi"":0,""interpretation"":""duplicate removal is hypothetical arithmetic, not an authorized timeline repair or causal explanation""}",,,,,,
2,Kneel,Subject.2/Kneel/KneelS2.avi,train,avi_png_count_difference,unresolved,"{""png_minus_avi"":1,""pixel_duplicate_excess"":0,""unique_png_count_minus_avi"":1,""interpretation"":""duplicate removal is hypothetical arithmetic, not an authorized timeline repair or causal explanation""}",,,,,,
2,Pick up object,Subject.2/Pick up object/PickupobjectS2.avi,train,avi_png_count_difference,unresolved,"{""png_minus_avi"":1,""pixel_duplicate_excess"":1,""unique_png_count_minus_avi"":0,""interpretation"":""duplicate removal is hypothetical arithmetic, not an authorized timeline repair or causal explanation""}",,,,,,
2,Sit down,Subject.2/Sit down/SitDownS2.avi,train,avi_png_count_difference,unresolved,"{""png_minus_avi"":1,""pixel_duplicate_excess"":0,""unique_png_count_minus_avi"":1,""interpretation"":""duplicate removal is hypothetical arithmetic, not an authorized timeline repair or causal explanation""}",,,,,,
2,Walk,Subject.2/Walk/WalkS2.avi,train,avi_png_count_difference,unresolved,"{""png_minus_avi"":1,""pixel_duplicate_excess"":1,""unique_png_count_minus_avi"":0,""interpretation"":""duplicate removal is hypothetical arithmetic, not an authorized timeline repair or causal explanation""}",,,,,,
3,Fall backwards,Subject.3/Fall backwards/FallBackwardsS3.avi,train,avi_png_count_difference,unresolved,"{""png_minus_avi"":1,""pixel_duplicate_excess"":0,""unique_png_count_minus_avi"":1,""interpretation"":""duplicate removal is hypothetical arithmetic, not an authorized timeline repair or causal explanation""}",,,,,,
3,Fall forward,Subject.3/Fall forward/FallForwardS3.avi,train,avi_png_count_difference,unresolved,"{""png_minus_avi"":1,""pixel_duplicate_excess"":0,""unique_png_count_minus_avi"":1,""interpretation"":""duplicate removal is hypothetical arithmetic, not an authorized timeline repair or causal explanation""}",,,,,,
3,Fall left,Subject.3/Fall left/FallLeftS3.avi,train,avi_png_count_difference,unresolved,"{""png_minus_avi"":1,""pixel_duplicate_excess"":0,""unique_png_count_minus_avi"":1,""interpretation"":""duplicate removal is hypothetical arithmetic, not an authorized timeline repair or causal explanation""}",,,,,,
3,Fall right,Subject.3/Fall right/FallRightS3.avi,train,avi_png_count_difference,unresolved,"{""png_minus_avi"":1,""pixel_duplicate_excess"":0,""unique_png_count_minus_avi"":1,""interpretation"":""duplicate removal is hypothetical arithmetic, not an authorized timeline repair or causal explanation""}",,,,,,
3,Fall sitting,Subject.3/Fall sitting/FallSittingS3.avi,train,avi_png_count_difference,unresolved,"{""png_minus_avi"":1,""pixel_duplicate_excess"":0,""unique_png_count_minus_avi"":1,""interpretation"":""duplicate removal is hypothetical arithmetic, not an authorized timeline repair or causal explanation""}",,,,,,
3,Hop,Subject.3/Hop/HopS3.avi,train,avi_png_count_difference,unresolved,"{""png_minus_avi"":1,""pixel_duplicate_excess"":0,""unique_png_count_minus_avi"":1,""interpretation"":""duplicate removal is hypothetical arithmetic, not an authorized timeline repair or causal explanation""}",,,,,,
3,Kneel,Subject.3/Kneel/KneelS3.avi,train,avi_png_count_difference,unresolved,"{""png_minus_avi"":1,""pixel_duplicate_excess"":0,""unique_png_count_minus_avi"":1,""interpretation"":""duplicate removal is hypothetical arithmetic, not an authorized timeline repair or causal explanation""}",,,,,,
3,Pick up object,Subject.3/Pick up object/PickupobjectS3.avi,train,avi_png_count_difference,unresolved,"{""png_minus_avi"":1,""pixel_duplicate_excess"":0,""unique_png_count_minus_avi"":1,""interpretation"":""duplicate removal is hypothetical arithmetic, not an authorized timeline repair or causal explanation""}",,,,,,
3,Sit down,Subject.3/Sit down/SitDownS3.avi,train,avi_png_count_difference,unresolved,"{""png_minus_avi"":1,""pixel_duplicate_excess"":0,""unique_png_count_minus_avi"":1,""interpretation"":""duplicate removal is hypothetical arithmetic, not an authorized timeline repair or causal explanation""}",,,,,,
3,Walk,Subject.3/Walk/WalkS3.avi,train,avi_png_count_difference,unresolved,"{""png_minus_avi"":1,""pixel_duplicate_excess"":0,""unique_png_count_minus_avi"":1,""interpretation"":""duplicate removal is hypothetical arithmetic, not an authorized timeline repair or causal explanation""}",,,,,,
4,Fall backwards,Subject.4/Fall backwards/FallBackwardsS4.avi,train,avi_png_count_difference,unresolved,"{""png_minus_avi"":1,""pixel_duplicate_excess"":0,""unique_png_count_minus_avi"":1,""interpretation"":""duplicate removal is hypothetical arithmetic, not an authorized timeline repair or causal explanation""}",,,,,,
4,Fall forward,Subject.4/Fall forward/FallForwardS4.avi,train,avi_png_count_difference,unresolved,"{""png_minus_avi"":1,""pixel_duplicate_excess"":1,""unique_png_count_minus_avi"":0,""interpretation"":""duplicate removal is hypothetical arithmetic, not an authorized timeline repair or causal explanation""}",,,,,,
4,Fall left,Subject.4/Fall left/FallLeftS4.avi,train,avi_png_count_difference,unresolved,"{""png_minus_avi"":1,""pixel_duplicate_excess"":0,""unique_png_count_minus_avi"":1,""interpretation"":""duplicate removal is hypothetical arithmetic, not an authorized timeline repair or causal explanation""}",,,,,,
4,Fall right,Subject.4/Fall right/FallRightS4.avi,train,avi_png_count_difference,unresolved,"{""png_minus_avi"":1,""pixel_duplicate_excess"":0,""unique_png_count_minus_avi"":1,""interpretation"":""duplicate removal is hypothetical arithmetic, not an authorized timeline repair or causal explanation""}",,,,,,
4,Fall sitting,Subject.4/Fall sitting/FallSittingS4.avi,train,avi_png_count_difference,unresolved,"{""png_minus_avi"":1,""pixel_duplicate_excess"":0,""unique_png_count_minus_avi"":1,""interpretation"":""duplicate removal is hypothetical arithmetic, not an authorized timeline repair or causal explanation""}",,,,,,
4,Hop,Subject.4/Hop/HopS4.avi,train,avi_png_count_difference,unresolved,"{""png_minus_avi"":1,""pixel_duplicate_excess"":0,""unique_png_count_minus_avi"":1,""interpretation"":""duplicate removal is hypothetical arithmetic, not an authorized timeline repair or causal explanation""}",,,,,,
4,Kneel,Subject.4/Kneel/KneelS4.avi,train,avi_png_count_difference,unresolved,"{""png_minus_avi"":1,""pixel_duplicate_excess"":0,""unique_png_count_minus_avi"":1,""interpretation"":""duplicate removal is hypothetical arithmetic, not an authorized timeline repair or causal explanation""}",,,,,,
4,Pick up object,Subject.4/Pick up object/PickupobjectS4.avi,train,avi_png_count_difference,unresolved,"{""png_minus_avi"":1,""pixel_duplicate_excess"":10,""unique_png_count_minus_avi"":-9,""interpretation"":""duplicate removal is hypothetical arithmetic, not an authorized timeline repair or causal explanation""}",,,,,,
4,Sit down,Subject.4/Sit down/SitDownS4.avi,train,avi_png_count_difference,unresolved,"{""png_minus_avi"":1,""pixel_duplicate_excess"":0,""unique_png_count_minus_avi"":1,""interpretation"":""duplicate removal is hypothetical arithmetic, not an authorized timeline repair or causal explanation""}",,,,,,
4,Walk,Subject.4/Walk/WalkS4.avi,train,avi_png_count_difference,unresolved,"{""png_minus_avi"":1,""pixel_duplicate_excess"":0,""unique_png_count_minus_avi"":1,""interpretation"":""duplicate removal is hypothetical arithmetic, not an authorized timeline repair or causal explanation""}",,,,,,
8,Fall backwards,Subject.8/Fall backwards/FallBackwardsS8.avi,train,avi_png_count_difference,unresolved,"{""png_minus_avi"":1,""pixel_duplicate_excess"":0,""unique_png_count_minus_avi"":1,""interpretation"":""duplicate removal is hypothetical arithmetic, not an authorized timeline repair or causal explanation""}",,,,,,
8,Fall forward,Subject.8/Fall forward/FallForwardS8.avi,train,avi_png_count_difference,unresolved,"{""png_minus_avi"":1,""pixel_duplicate_excess"":0,""unique_png_count_minus_avi"":1,""interpretation"":""duplicate removal is hypothetical arithmetic, not an authorized timeline repair or causal explanation""}",,,,,,
8,Fall left,Subject.8/Fall left/FallLeftS8.avi,train,avi_png_count_difference,unresolved,"{""png_minus_avi"":1,""pixel_duplicate_excess"":0,""unique_png_count_minus_avi"":1,""interpretation"":""duplicate removal is hypothetical arithmetic, not an authorized timeline repair or causal explanation""}",,,,,,
8,Fall right,Subject.8/Fall right/FallRightS8.avi,train,avi_png_count_difference,unresolved,"{""png_minus_avi"":1,""pixel_duplicate_excess"":0,""unique_png_count_minus_avi"":1,""interpretation"":""duplicate removal is hypothetical arithmetic, not an authorized timeline repair or causal explanation""}",,,,,,
8,Fall sitting,Subject.8/Fall sitting/FallSittingS8.avi,train,avi_png_count_difference,unresolved,"{""png_minus_avi"":1,""pixel_duplicate_excess"":0,""unique_png_count_minus_avi"":1,""interpretation"":""duplicate removal is hypothetical arithmetic, not an authorized timeline repair or causal explanation""}",,,,,,
8,Hop,Subject.8/Hop/HopS8.avi,train,stem_identity,verified_explicit_sequence_alias,explicit known pair; unique same prefix and unchanged numeric token in each file set; no competing identity; sources retained,sals800096.png,sals800096a.txt,95,"('sals', '800096')",sals800095.png,sals800097.png
8,Hop,Subject.8/Hop/HopS8.avi,train,avi_png_count_difference,unresolved,"{""png_minus_avi"":1,""pixel_duplicate_excess"":0,""unique_png_count_minus_avi"":1,""interpretation"":""duplicate removal is hypothetical arithmetic, not an authorized timeline repair or causal explanation""}",,,,,,
8,Kneel,Subject.8/Kneel/KneelS8.avi,train,avi_png_count_difference,unresolved,"{""png_minus_avi"":1,""pixel_duplicate_excess"":0,""unique_png_count_minus_avi"":1,""interpretation"":""duplicate removal is hypothetical arithmetic, not an authorized timeline repair or causal explanation""}",,,,,,
8,Pick up object,Subject.8/Pick up object/PickupobjectS8.avi,train,stem_identity,verified_explicit_sequence_alias,explicit known pair; unique same prefix and unchanged numeric token in each file set; no competing identity; sources retained,res800090.png,res800090a.txt,89,"('res', '800090')",res800089.png,res800091.png
8,Pick up object,Subject.8/Pick up object/PickupobjectS8.avi,train,avi_png_count_difference,unresolved,"{""png_minus_avi"":1,""pixel_duplicate_excess"":0,""unique_png_count_minus_avi"":1,""interpretation"":""duplicate removal is hypothetical arithmetic, not an authorized timeline repair or causal explanation""}",,,,,,
8,Sit down,Subject.8/Sit down/SitDownS8.avi,train,avi_png_count_difference,unresolved,"{""png_minus_avi"":1,""pixel_duplicate_excess"":0,""unique_png_count_minus_avi"":1,""interpretation"":""duplicate removal is hypothetical arithmetic, not an authorized timeline repair or causal explanation""}",,,,,,
8,Walk,Subject.8/Walk/WalkS8.avi,train,avi_png_count_difference,unresolved,"{""png_minus_avi"":1,""pixel_duplicate_excess"":0,""unique_png_count_minus_avi"":1,""interpretation"":""duplicate removal is hypothetical arithmetic, not an authorized timeline repair or causal explanation""}",,,,,,
9,Fall backwards,Subject.9/Fall backwards/FallBackwardsS9.avi,train,avi_png_count_difference,unresolved,"{""png_minus_avi"":1,""pixel_duplicate_excess"":1,""unique_png_count_minus_avi"":0,""interpretation"":""duplicate removal is hypothetical arithmetic, not an authorized timeline repair or causal explanation""}",,,,,,
9,Fall forward,Subject.9/Fall forward/FallForwardS9.avi,train,avi_png_count_difference,unresolved,"{""png_minus_avi"":1,""pixel_duplicate_excess"":0,""unique_png_count_minus_avi"":1,""interpretation"":""duplicate removal is hypothetical arithmetic, not an authorized timeline repair or causal explanation""}",,,,,,
9,Fall left,Subject.9/Fall left/FallLeftS9.avi,train,avi_png_count_difference,unresolved,"{""png_minus_avi"":1,""pixel_duplicate_excess"":0,""unique_png_count_minus_avi"":1,""interpretation"":""duplicate removal is hypothetical arithmetic, not an authorized timeline repair or causal explanation""}",,,,,,
9,Fall right,Subject.9/Fall right/FallRightS9.avi,train,avi_png_count_difference,unresolved,"{""png_minus_avi"":1,""pixel_duplicate_excess"":0,""unique_png_count_minus_avi"":1,""interpretation"":""duplicate removal is hypothetical arithmetic, not an authorized timeline repair or causal explanation""}",,,,,,
9,Fall sitting,Subject.9/Fall sitting/FallSittingS9.avi,train,avi_png_count_difference,unresolved,"{""png_minus_avi"":1,""pixel_duplicate_excess"":37,""unique_png_count_minus_avi"":-36,""interpretation"":""duplicate removal is hypothetical arithmetic, not an authorized timeline repair or causal explanation""}",,,,,,
9,Hop,Subject.9/Hop/HopS9.avi,train,avi_png_count_difference,unresolved,"{""png_minus_avi"":1,""pixel_duplicate_excess"":2,""unique_png_count_minus_avi"":-1,""interpretation"":""duplicate removal is hypothetical arithmetic, not an authorized timeline repair or causal explanation""}",,,,,,
9,Kneel,Subject.9/Kneel/KneelS9.avi,train,avi_png_count_difference,unresolved,"{""png_minus_avi"":1,""pixel_duplicate_excess"":1,""unique_png_count_minus_avi"":0,""interpretation"":""duplicate removal is hypothetical arithmetic, not an authorized timeline repair or causal explanation""}",,,,,,
9,Pick up object,Subject.9/Pick up object/PickupobjectS9.avi,train,avi_png_count_difference,unresolved,"{""png_minus_avi"":1,""pixel_duplicate_excess"":0,""unique_png_count_minus_avi"":1,""interpretation"":""duplicate removal is hypothetical arithmetic, not an authorized timeline repair or causal explanation""}",,,,,,
9,Sit down,Subject.9/Sit down/SitDownS9.avi,train,avi_png_count_difference,unresolved,"{""png_minus_avi"":1,""pixel_duplicate_excess"":0,""unique_png_count_minus_avi"":1,""interpretation"":""duplicate removal is hypothetical arithmetic, not an authorized timeline repair or causal explanation""}",,,,,,
9,Walk,Subject.9/Walk/WalkS9.avi,train,stem_identity,verified_explicit_sequence_alias,explicit known pair; unique same prefix and unchanged numeric token in each file set; no competing identity; sources retained,cams900140.png,cams900140w.txt,139,"('cams', '900140')",cams900139.png,cams900141.png
9,Walk,Subject.9/Walk/WalkS9.avi,train,avi_png_count_difference,unresolved,"{""png_minus_avi"":1,""pixel_duplicate_excess"":0,""unique_png_count_minus_avi"":1,""interpretation"":""duplicate removal is hypothetical arithmetic, not an authorized timeline repair or causal explanation""}",,,,,,
