subject_id,activity,source_video_identity,split,identity_kind,ordinals,filenames,count,excess_identical_copies,leading_boundary_duplicate,trailing_boundary_duplicate,internal_adjacent_pairs,touches_first,touches_last,interpretation
1,Fall forward,Subject.1/Fall forward/FallForwardS1.avi,train,file_sha256,"[12,13]","[""cfs1-00013.png"",""cfs1-00014.png""]",2,1,False,False,"[[12,13]]",False,False,exact repeated content; cause and physical timing not inferred
1,Fall forward,Subject.1/Fall forward/FallForwardS1.avi,train,decoded_pixel_sha256,"[12,13]","[""cfs1-00013.png"",""cfs1-00014.png""]",2,1,False,False,"[[12,13]]",False,False,exact repeated content; cause and physical timing not inferred
1,Fall left,Subject.1/Fall left/FallLeftS1.avi,train,file_sha256,"[5,6]","[""cis100006.png"",""cis100007.png""]",2,1,False,False,"[[5,6]]",False,False,exact repeated content; cause and physical timing not inferred
1,Fall left,Subject.1/Fall left/FallLeftS1.avi,train,file_sha256,"[71,72]","[""cis100072.png"",""cis100073.png""]",2,1,False,False,"[[71,72]]",False,False,exact repeated content; cause and physical timing not inferred
1,Fall left,Subject.1/Fall left/FallLeftS1.avi,train,decoded_pixel_sha256,"[5,6]","[""cis100006.png"",""cis100007.png""]",2,1,False,False,"[[5,6]]",False,False,exact repeated content; cause and physical timing not inferred
1,Fall left,Subject.1/Fall left/FallLeftS1.avi,train,decoded_pixel_sha256,"[71,72]","[""cis100072.png"",""cis100073.png""]",2,1,False,False,"[[71,72]]",False,False,exact repeated content; cause and physical timing not inferred
1,Fall sitting,Subject.1/Fall sitting/FallSittingS1.avi,train,file_sha256,"[89,90]","[""css100090.png"",""css100091.png""]",2,1,False,False,"[[89,90]]",False,False,exact repeated content; cause and physical timing not inferred
1,Fall sitting,Subject.1/Fall sitting/FallSittingS1.avi,train,file_sha256,"[116,117,118]","[""css100117.png"",""css100118.png"",""css100119.png""]",3,2,False,False,"[[116,117],[117,118]]",False,False,exact repeated content; cause and physical timing not inferred
1,Fall sitting,Subject.1/Fall sitting/FallSittingS1.avi,train,file_sha256,"[119,120,121,122]","[""css100120.png"",""css100121.png"",""css100122.png"",""css100123.png""]",4,3,False,False,"[[119,120],[120,121],[121,122]]",False,False,exact repeated content; cause and physical timing not inferred
1,Fall sitting,Subject.1/Fall sitting/FallSittingS1.avi,train,decoded_pixel_sha256,"[89,90]","[""css100090.png"",""css100091.png""]",2,1,False,False,"[[89,90]]",False,False,exact repeated content; cause and physical timing not inferred
1,Fall sitting,Subject.1/Fall sitting/FallSittingS1.avi,train,decoded_pixel_sha256,"[116,117,118]","[""css100117.png"",""css100118.png"",""css100119.png""]",3,2,False,False,"[[116,117],[117,118]]",False,False,exact repeated content; cause and physical timing not inferred
1,Fall sitting,Subject.1/Fall sitting/FallSittingS1.avi,train,decoded_pixel_sha256,"[119,120,121,122]","[""css100120.png"",""css100121.png"",""css100122.png"",""css100123.png""]",4,3,False,False,"[[119,120],[120,121],[121,122]]",False,False,exact repeated content; cause and physical timing not inferred
1,Kneel,Subject.1/Kneel/KneelS1.avi,train,file_sha256,"[8,9]","[""ars100009.png"",""ars100010.png""]",2,1,False,False,"[[8,9]]",False,False,exact repeated content; cause and physical timing not inferred
1,Kneel,Subject.1/Kneel/KneelS1.avi,train,decoded_pixel_sha256,"[8,9]","[""ars100009.png"",""ars100010.png""]",2,1,False,False,"[[8,9]]",False,False,exact repeated content; cause and physical timing not inferred
2,Fall backwards,Subject.2/Fall backwards/FallBackwardsS2.avi,train,file_sha256,"[90,91]","[""cas200091 - copia.png"",""cas200092.png""]",2,1,False,False,"[[90,91]]",False,False,exact repeated content; cause and physical timing not inferred
2,Fall backwards,Subject.2/Fall backwards/FallBackwardsS2.avi,train,decoded_pixel_sha256,"[90,91]","[""cas200091 - copia.png"",""cas200092.png""]",2,1,False,False,"[[90,91]]",False,False,exact repeated content; cause and physical timing not inferred
2,Hop,Subject.2/Hop/HopS2.avi,train,file_sha256,"[106,107]","[""sals200107.png"",""sals200108.png""]",2,1,False,False,"[[106,107]]",False,False,exact repeated content; cause and physical timing not inferred
2,Hop,Subject.2/Hop/HopS2.avi,train,decoded_pixel_sha256,"[106,107]","[""sals200107.png"",""sals200108.png""]",2,1,False,False,"[[106,107]]",False,False,exact repeated content; cause and physical timing not inferred
2,Pick up object,Subject.2/Pick up object/PickupobjectS2.avi,train,file_sha256,"[142,143]","[""res200143.png"",""res200144.png""]",2,1,False,False,"[[142,143]]",False,False,exact repeated content; cause and physical timing not inferred
2,Pick up object,Subject.2/Pick up object/PickupobjectS2.avi,train,decoded_pixel_sha256,"[142,143]","[""res200143.png"",""res200144.png""]",2,1,False,False,"[[142,143]]",False,False,exact repeated content; cause and physical timing not inferred
2,Walk,Subject.2/Walk/WalkS2.avi,train,file_sha256,"[191,192]","[""cams200192.png"",""cams200193.png""]",2,1,False,False,"[[191,192]]",False,False,exact repeated content; cause and physical timing not inferred
2,Walk,Subject.2/Walk/WalkS2.avi,train,decoded_pixel_sha256,"[191,192]","[""cams200192.png"",""cams200193.png""]",2,1,False,False,"[[191,192]]",False,False,exact repeated content; cause and physical timing not inferred
4,Fall forward,Subject.4/Fall forward/FallForwardS4.avi,train,file_sha256,"[0,1]","[""cfs400001.png"",""cfs400002.png""]",2,1,True,False,[],True,False,exact repeated content; cause and physical timing not inferred
4,Fall forward,Subject.4/Fall forward/FallForwardS4.avi,train,decoded_pixel_sha256,"[0,1]","[""cfs400001.png"",""cfs400002.png""]",2,1,True,False,[],True,False,exact repeated content; cause and physical timing not inferred
4,Pick up object,Subject.4/Pick up object/PickupobjectS4.avi,train,file_sha256,"[169,170,171,172,173,174,175,176,177,178,179]","[""res400170.png"",""res400171.png"",""res400172.png"",""res400173.png"",""res400174.png"",""res400175.png"",""res400176.png"",""res400177.png"",""res400178.png"",""res400179.png"",""res400180.png""]",11,10,False,True,"[[169,170],[170,171],[171,172],[172,173],[173,174],[174,175],[175,176],[176,177],[177,178]]",False,True,exact repeated content; cause and physical timing not inferred
4,Pick up object,Subject.4/Pick up object/PickupobjectS4.avi,train,decoded_pixel_sha256,"[169,170,171,172,173,174,175,176,177,178,179]","[""res400170.png"",""res400171.png"",""res400172.png"",""res400173.png"",""res400174.png"",""res400175.png"",""res400176.png"",""res400177.png"",""res400178.png"",""res400179.png"",""res400180.png""]",11,10,False,True,"[[169,170],[170,171],[171,172],[172,173],[173,174],[174,175],[175,176],[176,177],[177,178]]",False,True,exact repeated content; cause and physical timing not inferred
9,Fall backwards,Subject.9/Fall backwards/FallBackwardsS9.avi,train,file_sha256,"[218,219]","[""cas900219.png"",""cas900220.png""]",2,1,False,False,"[[218,219]]",False,False,exact repeated content; cause and physical timing not inferred
9,Fall backwards,Subject.9/Fall backwards/FallBackwardsS9.avi,train,decoded_pixel_sha256,"[218,219]","[""cas900219.png"",""cas900220.png""]",2,1,False,False,"[[218,219]]",False,False,exact repeated content; cause and physical timing not inferred
9,Fall sitting,Subject.9/Fall sitting/FallSittingS9.avi,train,file_sha256,"[179,180,181,182,183,184,185,186,187,188,189,190,191,192,193,194,195,196,197,198,199,200,201,202,203,204,205,206,207,208,209,210,211,212,213,214,215,216]","[""css900180.png"",""css900181.png"",""css900182.png"",""css900183.png"",""css900184.png"",""css900185.png"",""css900186.png"",""css900187.png"",""css900188.png"",""css900189.png"",""css900190.png"",""css900191.png"",""css900192.png"",""css900193.png"",""css900194.png"",""css900195.png"",""css900196.png"",""css900197.png"",""css900198.png"",""css900199.png"",""css900200.png"",""css900201.png"",""css900202.png"",""css900203.png"",""css900204.png"",""css900205.png"",""css900206.png"",""css900207.png"",""css900208.png"",""css900209.png"",""css900210.png"",""css900211.png"",""css900212.png"",""css900213.png"",""css900214.png"",""css900215.png"",""css900216.png"",""css900217.png""]",38,37,False,True,"[[179,180],[180,181],[181,182],[182,183],[183,184],[184,185],[185,186],[186,187],[187,188],[188,189],[189,190],[190,191],[191,192],[192,193],[193,194],[194,195],[195,196],[196,197],[197,198],[198,199],[199,200],[200,201],[201,202],[202,203],[203,204],[204,205],[205,206],[206,207],[207,208],[208,209],[209,210],[210,211],[211,212],[212,213],[213,214],[214,215]]",False,True,exact repeated content; cause and physical timing not inferred
9,Fall sitting,Subject.9/Fall sitting/FallSittingS9.avi,train,decoded_pixel_sha256,"[179,180,181,182,183,184,185,186,187,188,189,190,191,192,193,194,195,196,197,198,199,200,201,202,203,204,205,206,207,208,209,210,211,212,213,214,215,216]","[""css900180.png"",""css900181.png"",""css900182.png"",""css900183.png"",""css900184.png"",""css900185.png"",""css900186.png"",""css900187.png"",""css900188.png"",""css900189.png"",""css900190.png"",""css900191.png"",""css900192.png"",""css900193.png"",""css900194.png"",""css900195.png"",""css900196.png"",""css900197.png"",""css900198.png"",""css900199.png"",""css900200.png"",""css900201.png"",""css900202.png"",""css900203.png"",""css900204.png"",""css900205.png"",""css900206.png"",""css900207.png"",""css900208.png"",""css900209.png"",""css900210.png"",""css900211.png"",""css900212.png"",""css900213.png"",""css900214.png"",""css900215.png"",""css900216.png"",""css900217.png""]",38,37,False,True,"[[179,180],[180,181],[181,182],[182,183],[183,184],[184,185],[185,186],[186,187],[187,188],[188,189],[189,190],[190,191],[191,192],[192,193],[193,194],[194,195],[195,196],[196,197],[197,198],[198,199],[199,200],[200,201],[201,202],[202,203],[203,204],[204,205],[205,206],[206,207],[207,208],[208,209],[209,210],[210,211],[211,212],[212,213],[213,214],[214,215]]",False,True,exact repeated content; cause and physical timing not inferred
9,Hop,Subject.9/Hop/HopS9.avi,train,file_sha256,"[13,14]","[""sals900014.png"",""sals900015.png""]",2,1,False,False,"[[13,14]]",False,False,exact repeated content; cause and physical timing not inferred
9,Hop,Subject.9/Hop/HopS9.avi,train,file_sha256,"[59,60]","[""sals900060.png"",""sals900061.png""]",2,1,False,False,"[[59,60]]",False,False,exact repeated content; cause and physical timing not inferred
9,Hop,Subject.9/Hop/HopS9.avi,train,decoded_pixel_sha256,"[13,14]","[""sals900014.png"",""sals900015.png""]",2,1,False,False,"[[13,14]]",False,False,exact repeated content; cause and physical timing not inferred
9,Hop,Subject.9/Hop/HopS9.avi,train,decoded_pixel_sha256,"[59,60]","[""sals900060.png"",""sals900061.png""]",2,1,False,False,"[[59,60]]",False,False,exact repeated content; cause and physical timing not inferred
9,Kneel,Subject.9/Kneel/KneelS9.avi,train,file_sha256,"[71,72]","[""ars900072.png"",""ars900073.png""]",2,1,False,False,"[[71,72]]",False,False,exact repeated content; cause and physical timing not inferred
9,Kneel,Subject.9/Kneel/KneelS9.avi,train,decoded_pixel_sha256,"[71,72]","[""ars900072.png"",""ars900073.png""]",2,1,False,False,"[[71,72]]",False,False,exact repeated content; cause and physical timing not inferred
