subject_id,activity,source_video_identity,split,boundary_role,png_ordinal_index,png_filename,file_sha256,pixel_sha256
1,Fall backwards,Subject.1/Fall backwards/FallBackwardsS1.avi,train,first,0,cas100001.png,42fe4e571ba58db31492566d465b0a7073f3b67d1ed111b35ffe4b07e1e8e4f8,a59c57857eed99bfce4773abf91969acdcf47a7f327bd5ee72a62be400571ea1
1,Fall backwards,Subject.1/Fall backwards/FallBackwardsS1.avi,train,second,1,cas100002.png,71b2d6c23f459257b259394f0cf333d49d3aa22a2bfa54735ba289a0444522b0,53188b5e6b49c684238ccebd2873dc53f5161ed183fecf940c666b5a4233e075
1,Fall backwards,Subject.1/Fall backwards/FallBackwardsS1.avi,train,penultimate,124,cas100125.png,14f3585a5d2d0d00fc507ee85fd8e5b438e1972eb11c98af0b621766a22b0986,6eb0fa9ab571e0f8ca066c025d3bb458a311a851d255a1ffde2e59297ef73f04
1,Fall backwards,Subject.1/Fall backwards/FallBackwardsS1.avi,train,last,125,cas100126.png,082f8f4b20d37432561514c1af80294218b51bf958e249a5731bd365763c1b0a,8cc8f9479f7b23e8c2fe9dcc6990fadc7598f4e201f99f8a31393d09632f31f6
1,Fall forward,Subject.1/Fall forward/FallForwardS1.avi,train,first,0,cfs1-00001.png,3e8b2008b1eb5345bee23afa4f4b4e37e9b7d3cc5df5c8ed47cb13b4d447e1b7,09f5d77b962279c09c1bda6a5b2eda3115cda185e1bc3d6c96941b273044c722
1,Fall forward,Subject.1/Fall forward/FallForwardS1.avi,train,second,1,cfs1-00002.png,8c4655aaa8a4036916f6e5131fdcaeaf82b3547480232b6a7ab3efcdc1008543,e167d6450b0c203b65011c9cd91075b7379251fb051aae276c9730c100e143d7
1,Fall forward,Subject.1/Fall forward/FallForwardS1.avi,train,penultimate,189,cfs1-00190.png,9a040494a7ec05f0b0f5e3292121eaa33841ad1a9480183d00b4114500ed0e5c,044c6de23192b6181710880abbc85033cc8aa8f9d51813c7b1e17f5fdfd2988a
1,Fall forward,Subject.1/Fall forward/FallForwardS1.avi,train,last,190,cfs1-00191.png,e7926e240ff042a303888c9a7041517f627b41aac03d41b65c5226bd09ad5cfa,6edb2a67fe447b81eb5bae5951dcdcccadb854fe055d18757bb97ddf0d49a75f
1,Fall left,Subject.1/Fall left/FallLeftS1.avi,train,first,0,cis100001.png,1616f940c2b1f1fee3276dad19b19deb4a7d1dd13eb9e5329b709877f0b55b8c,af8933b86c93153112c62d4e7e947ab6acc2a3e186f60c94e0a77df9cd2037d5
1,Fall left,Subject.1/Fall left/FallLeftS1.avi,train,second,1,cis100002.png,4bbf36e36bdb7b74858c98e6b3a8193a1e02905b9644008fd25857d4f217905f,f595ec95e81b42a48deacb5301caabc095719d5aacfa69588e90ddd9a1392379
1,Fall left,Subject.1/Fall left/FallLeftS1.avi,train,penultimate,85,cis100086.png,d71a2c0ef22613988ea9b15fc13fac244ea98c97eed4893875d287776cb37e07,80cfc84fc981e3769fcd0814e8d784dce202d405fe0d70034527bd5ea6dd1433
1,Fall left,Subject.1/Fall left/FallLeftS1.avi,train,last,86,cis100087.png,cd45aaff6cffec8939fe4a27e48c4f361fe40a4a37548ef6074f5efded29b687,98ae67f3a2c530d671048d9bff8c69df41a0172a555c335d320290b4a4c56622
1,Fall right,Subject.1/Fall right/FallRightS1.avi,train,first,0,cds100001.png,cfca88eda311df0b525e4fab031dcd717e5d296713c4e8b87398c3e7ec9376e8,4b203c80bd918c75d361576f38e4e41c67bd332d7e5f018fb40af636d6a9b5ec
1,Fall right,Subject.1/Fall right/FallRightS1.avi,train,second,1,cds100002.png,641d84757d345e75c028d081024b279b1abecbd9bda91c536b524d6a615847d9,8b4cc3212d741d85c27bd87b48feb1878d4ab5ac8563dd72560e3593a73e7e2d
1,Fall right,Subject.1/Fall right/FallRightS1.avi,train,penultimate,113,cds100114.png,e0c6b1a7083bb9eaf0375b34e8afe7688713c8f065c22760fbde47102de8ea4f,9bc9757af12e11388887902f9814735ba1cb9cf21b8d941c42c3f1a2cbc43cd4
1,Fall right,Subject.1/Fall right/FallRightS1.avi,train,last,114,cds100115.png,a296cf87041af896a3934f7c78c2f59c5810a97665de8bd974194b45e64fbc9d,f538e17891798b0740589e82b645a10e147f26a389aaf35122347514c20e027b
1,Fall sitting,Subject.1/Fall sitting/FallSittingS1.avi,train,first,0,css100001.png,99df6685adb1fd9f6bd5c73a9eff6031204b0d17092ecf5371514c33d782c050,65523cec04fb47adffa6eea1a92dcaa29d6295b498155d96651c50b9a51c6b67
1,Fall sitting,Subject.1/Fall sitting/FallSittingS1.avi,train,second,1,css100002.png,1d225aea61e7cc9923ca752a8c7d4b1f5680780b03eac85f83b7e0c3fd61e662,1dc0461045457d55b25781c299676525f95821e7e246bc9bd31ff3961d3a8857
1,Fall sitting,Subject.1/Fall sitting/FallSittingS1.avi,train,penultimate,181,css100182.png,c3bd116ffd06c1c8d4a7aec2eb07383645239efd4228f8f5cfa76f809d6f9ad5,fa0dda68fc41fa14d59be189f70fe54550e884d6c1e9317adb99398fc0e63f66
1,Fall sitting,Subject.1/Fall sitting/FallSittingS1.avi,train,last,182,css100183.png,0b6ec91a0b1e86af16a3c1e928cac6a0692304aa6c51ee81566d314c9c511ee5,3bda41a1f5c203f797bebd6dbf3ab10084d239564dd694cb5f39bcd11a676db5
1,Hop,Subject.1/Hop/HopS1.avi,train,first,0,sals100001.png,c923e1905d6d54a3f07e255874875b841670edfc9ae27cf79f4e0c60de99b020,b457687466298248f247bf5ffc70f1905b232d4a1d210649ef88dd01e02c8313
1,Hop,Subject.1/Hop/HopS1.avi,train,second,1,sals100002.png,147af029fd2458b0ab956f3a10c13f6120cebfe60e1ce4a3fed8d0b4f7ecffc7,a24d8174f559fc23afdb0ffdf9e2a44ac0d0e119b120750c3f9ce3cc9f159d2c
1,Hop,Subject.1/Hop/HopS1.avi,train,penultimate,181,sals100182.png,2f27b83f79aa66c7c499db47dbdd00b059cf35141c5de746929245d2145cc4d3,9a7a31ca2e98f6d1f2a28015611bcd29747c2be863c1d8078e171246f810102f
1,Hop,Subject.1/Hop/HopS1.avi,train,last,182,sals100183.png,a6d3f55ebe21c396f6a82ab9de4bc9a192c1e87b8abece2c7ccf2b6c96276ff9,334ba01ea7a389ab51620cfe2f7944f92b98b3fe07b5e1095734a499d73d79f4
1,Kneel,Subject.1/Kneel/KneelS1.avi,train,first,0,ars100001.png,e11431efe44d26ae34896995ea85c84e1b6855e9633f244b70bf8de1fb2d7fe0,e9a0b71a1641492d171feefdf5811b9feba3c7fbdff2454a79b8a5f75c329f1f
1,Kneel,Subject.1/Kneel/KneelS1.avi,train,second,1,ars100002.png,3cbd4f2c95dd8bff5ca5acde270cca7946aa08964edaabdb737f2472d2e23f1b,060f7494ce8e81a343d7c0b10bcc3f24ae16e3096e4b5a163d636a8eef601017
1,Kneel,Subject.1/Kneel/KneelS1.avi,train,penultimate,218,ars100219.png,8950bb63dc5829351c84c8769914ac095cc0429fa669eaaec5b012b8aabeae2c,03883eeb229562259d935b9f19ecf7d659946be67a666910bdbb4d79f85b2d8f
1,Kneel,Subject.1/Kneel/KneelS1.avi,train,last,219,ars100220.png,d03a26c264fbbb34309329266ee865967867dfec0d23dffce4240cf3643e0d28,4f2b6d87519885f13faf3c0b1ac096803143d895538a974134a4ded8f635cfb8
1,Pick up object,Subject.1/Pick up object/PickupobjectS1.avi,train,first,0,res100001.png,64ada0e4190f937ac0444fce6e23348a404169439b38562930afa44e55909d1a,c815dd8ac866f0f683099892f4d5df9608c5cbdb4ee6671f3b34dd3b105717a6
1,Pick up object,Subject.1/Pick up object/PickupobjectS1.avi,train,second,1,res100002.png,1a8acef37a9d9c672bc54254dddd48919801482a5d443d265d621a73f7855815,8b4b1e0af3acf97ead9e0a17dbcb0fd13aa530cf91c222fc97f8edb33b78d7e8
1,Pick up object,Subject.1/Pick up object/PickupobjectS1.avi,train,penultimate,116,res100117.png,80597fa42a59005fad097759f9a8ad8e5e99611005f10bd0eadbcc89b90c3aaa,76d576d7983832fc28ded6b05ee1e539725108886b35e3fcaf13e6e10c60ae46
1,Pick up object,Subject.1/Pick up object/PickupobjectS1.avi,train,last,117,res100118.png,a772e0c967c11fa64e895f23935b949824b12d5644cb40e5f495cf66f2f69f5f,b77bd5d577e748331a3b2c897a34413b15c1f746fa5504d03a9a441b7b3a3f48
1,Sit down,Subject.1/Sit down/SitDownS1.avi,train,first,0,ses100001.png,369c07d5bc5b0b129849f59f91a3624abf4c2635247a9dad5b602c265f983b30,8363122034eb261397e8e81ec29b8ff77ac311e105dbd00752272bcd31c926fa
1,Sit down,Subject.1/Sit down/SitDownS1.avi,train,second,1,ses100002.png,9aee16de82729ca0b308c698fcde1dd5c3d061b47f306cdb2ba351d856eb4992,7c50eb0a34fef54368e151f13ee26a983acce373b133b2ad390ad8d274378490
1,Sit down,Subject.1/Sit down/SitDownS1.avi,train,penultimate,186,ses100188.png,774728362da7546b044c8872530e97624e792295c2166078e3fabc4d054fe5a4,16d32fb8ef9083a9783203b552bc0150e9ced5842727010eef02bba6d8e91379
1,Sit down,Subject.1/Sit down/SitDownS1.avi,train,last,187,ses100189.png,edb761a4a058e4564099232dda2d79f398ba95343b7620f48787baa200f7e82d,5db74952b3a8b1611a37cdc5f68ceacea7ed806152b1975c1b4c103dba6b10a3
1,Walk,Subject.1/Walk/WalkS1.avi,train,first,0,cams100001.png,be97fb1ee01f5a34c799e54706cd41b5506e9c06fa2f01c2579a2da802ba6ccf,cae8f7c271524abcc56096daf9323ae0cefb21d5666ae19d359629846e95b611
1,Walk,Subject.1/Walk/WalkS1.avi,train,second,1,cams100002.png,3d6775f94a1e132a82844b386a7522d92fdc2ca4367812d41a75877f17e9128b,59c86f123a12a6a064ec2e21426283f2718b2fda5881c6f5fcde30ccf403b0de
1,Walk,Subject.1/Walk/WalkS1.avi,train,penultimate,241,cams100242.png,24a7648f20b610173ffa437d83d1a1e1c3548e90456941c5cefdae6c4da7b237,7157ac4beabcd730108c2455494b14d688b3f9be1c1bb4b185e64c17b2e158c9
1,Walk,Subject.1/Walk/WalkS1.avi,train,last,242,cams100243.png,413748709873b2eb05e949a93c2be3e1306f57cd51af14233b0b8b964669aff1,eef4fcb3ffa045f6a6c5e4137144a54bf1f9c95e0ceffa7808e289a6dcc7587f
2,Fall backwards,Subject.2/Fall backwards/FallBackwardsS2.avi,train,first,0,cas200001.png,94f5aa7713654ed4be1615b2ad18d6a44fcfd196b33dfc11ce2d98fa02e2d4c8,d9198ead3bb344f9b854d23d1d3d9e89e16e289691510bcea29d0c92a9a8a4d4
2,Fall backwards,Subject.2/Fall backwards/FallBackwardsS2.avi,train,second,1,cas200002.png,a7e610722fa4205d5a9e5aa1a878d242a59fa5d969e68dd1e4d65bb673a53d45,fbbd167cf5673b3141e3cc59e0451f24a1a1b60b04e216fc770a82dfb60b21a1
2,Fall backwards,Subject.2/Fall backwards/FallBackwardsS2.avi,train,penultimate,119,cas200120.png,7b9348380442b4dbdff8ca09c4deacbfbcce26cef91475c58dc251f3e03fe6d6,65a2647186134175ba83e3ad73695a6d67fafb66713f87ad90b6a3f66fb25c65
2,Fall backwards,Subject.2/Fall backwards/FallBackwardsS2.avi,train,last,120,cas200121.png,d6c4b4ae52ce8def8017ca38990a40d86a79b633102bad96a71134f2ba5a6b87,2630c510f3bf28d0bd644d05e63dc893f49d4d9b94877f6d7af34c31b33f6735
2,Fall forward,Subject.2/Fall forward/FallForwardS2.avi,train,first,0,cfs200001.png,1e83eddb19bed26617c7e368c2d01ea796c75c0406b08eefba1ba884918b7007,4bba8b5d90d068597d006e6b9dc088c2f55f58027c2baa4132b2973ab3f91751
2,Fall forward,Subject.2/Fall forward/FallForwardS2.avi,train,second,1,cfs200002.png,e814ccd0ce9c4527974dc57c0f6d0e6a84deb687124a0e9465c5fcadfa4e0baf,cf158c2cde5bc0643b70382e17a2f12921d27de51074b7832d8fd6d174904c4b
2,Fall forward,Subject.2/Fall forward/FallForwardS2.avi,train,penultimate,105,cfs200106.png,e8e56ae614e5f6d83a4137e46d4443f69929de979be46ef6e3195785815784db,bd50e925c49d4c3d229ad9c24e5d606960f6f86dd3a27e1676c2729eedb1b5ea
2,Fall forward,Subject.2/Fall forward/FallForwardS2.avi,train,last,106,cfs200107.png,900f96ddac93859702ec031737465ddeab5199c324b0e0ab5f6371b7f68a34d8,997e70f5b8daacaa1a9afc59bac279b0e137dd0c2d0424b597d29d3419983bd8
2,Fall left,Subject.2/Fall left/FallLeftS2.avi,train,first,0,cis200001.png,17e85b3d65df2804abdebe5dae15e8ff1b90bbd948e98d6e0235de88ccd4c966,b1efbe945c0d2979d9d73924b73313c7d4f12ac874dc3d5cb3a18d87fd06e837
2,Fall left,Subject.2/Fall left/FallLeftS2.avi,train,second,1,cis200002.png,5f7cdfdcb43d389bdd257dcf9d91604c2fda2b317887aaa247b7b03d61afe7af,190f4050cdfdee526a6772deab4e6666704ddfd5c3962e2d63cfb8a5ea6e1949
2,Fall left,Subject.2/Fall left/FallLeftS2.avi,train,penultimate,108,cis200109.png,41a8d153ca36d9d985593855e6703c3d1f683229b4258b6c698e1a47e7b8d359,eb92abe3a0018f6013d35c4fec0fc2916d65fa540e97d39db7364773e1383fb3
2,Fall left,Subject.2/Fall left/FallLeftS2.avi,train,last,109,cis200110.png,ef8adad88d4e4f871beb333b3b71edc056566019f33e9fce1d769c6a9739492f,15144cba5fa311e9e4adef23476f24491c29a757e8e89bc9151c9f191cb4d88d
2,Fall right,Subject.2/Fall right/FallRightS2.avi,train,first,0,cds200001.png,e9a55fbce0f774cd842ffc631b6abd385c08cf68b22207596b27199809754592,df42bdba7802667795f17cc28b7539e403a275e8ed89d990e2f623a9ae2a16c2
2,Fall right,Subject.2/Fall right/FallRightS2.avi,train,second,1,cds200002.png,fbf693cf834406231c93f7dd5bd100e8e42738c83573f904451eb4989daa8113,0910c39d69a91b4526a9104041f6c84085bf70f94d84c9c2602bc4c609fb5819
2,Fall right,Subject.2/Fall right/FallRightS2.avi,train,penultimate,145,cds200146.png,1dc7349c69455cba0216e51adec7a0db59994357a72ed19c1f3055a63077655d,ac15a0979527961d33faa08b99354db337c8fc92e62dfaa3375407be6cc9f0c7
2,Fall right,Subject.2/Fall right/FallRightS2.avi,train,last,146,cds200147.png,c7103f889587c6108c626cd3d3e5ff2fdbcf9364b94cd9a66316727265f224c1,ff161480dcc0fb43f0bc8eade41118d4d5d3860534038c9f67a17cbff83c48cb
2,Fall sitting,Subject.2/Fall sitting/FallSittingS2.avi,train,first,0,css200001.png,6952dbb68d08008e6039f54625bf07002d6db5a91e9f0f6bd0c21415dcec7573,8e1108192db5c5e9a43badf66878c9698a1996b2a02f21386114418edf5bd651
2,Fall sitting,Subject.2/Fall sitting/FallSittingS2.avi,train,second,1,css200002.png,579fc4a01d14b3acea2949391e5c83c79b2e9bb9360e409d2a70c38af64e8dfd,0c7b550d0af9f7f803f6fc3a74fc93b227196f3bb0718d0aafa4b5d4bb557204
2,Fall sitting,Subject.2/Fall sitting/FallSittingS2.avi,train,penultimate,156,css200157.png,faef695764c2da7b8adfcc603983aa268596f7149c44b6e8e0da39a65ea6fad2,b872ac3388d7290495e7cd18ad65ca742f22f5c369438899d2b6bb2466628f3a
2,Fall sitting,Subject.2/Fall sitting/FallSittingS2.avi,train,last,157,css200158.png,0513373fa74f0b939ebb97686d667391ea7d46d93b837e52fa1e0a14d4b7b098,b6c9120ddc3c486debb314ac4fed59276d26553962b04f8a9f11a6ec4e5f7c33
2,Hop,Subject.2/Hop/HopS2.avi,train,first,0,sals200001.png,b1efa2e1b63f76c65c4e4ed4ab1c6ebfb87072c4f03f1c6f19e2067335d32637,0c4a55fa8e8c9cd5cec2db58daaae3dfcbe55869f065deda9d5ecdc3fe27acfc
2,Hop,Subject.2/Hop/HopS2.avi,train,second,1,sals200002.png,60b08a20b9d076e8007d692bdf73dc933aed48faec15448440742dadf1d19220,9c19a65df4a8b76136a1b442e6e2eba76bd1b76435ece7cefd62a59aa0cc82ec
2,Hop,Subject.2/Hop/HopS2.avi,train,penultimate,170,sals200171.png,c8891b06443e5c511b5b79ad5a11a8e5140d8a156df6a24658802fc04ccb24e7,abebe607b1960a4719b7dd36b0ccf2e887b68203ba222bbabb2de2a6201974cf
2,Hop,Subject.2/Hop/HopS2.avi,train,last,171,sals200172.png,8a9f124366a89eefaf740988c6e6e9381f37c78e980dfa293face845d55487ca,d7b6bed72d16577a23ea8ef3f251a5e121a4cf50a93d85591f57455be3cbb5e4
2,Kneel,Subject.2/Kneel/KneelS2.avi,train,first,0,ars200001.png,924da00dc4197aed1f52da1d2be7c557b503336f07bae743901a5b2419a5fdab,4f8729e023c6453f432da4f024b8e32e02adc18ba13955e6f17da66c819d447f
2,Kneel,Subject.2/Kneel/KneelS2.avi,train,second,1,ars200002.png,89a25663097194f916d4f6968770ab650e0583225dfaf023af9016af02f1dea3,71ca42acc7479f204f49af579c7c67a4fa4602cd22e2cb1635c8dccd8a5cb274
2,Kneel,Subject.2/Kneel/KneelS2.avi,train,penultimate,129,ars200130.png,def2e5cb71330e090adce97b3bd5bbd5f8f6f7649af047ac89e10eb94fa45d4b,5c91e83e1d3ddde929cbc2d13dcc797924e8c33dce650d1ad5ba54565701dade
2,Kneel,Subject.2/Kneel/KneelS2.avi,train,last,130,ars200131.png,e737a89ab919ae3d10759a2dcbe184afe546346d108d1ae8b6a90e617ee4c7de,9ed330e6128abdcd362dfbf3d6794fb24f372add75856d7e9e2bae88641a4ed0
2,Pick up object,Subject.2/Pick up object/PickupobjectS2.avi,train,first,0,res200001.png,da64bbf67568f40dc623fc77f2fc78b0346eeb2e5185f580bbdf8535d133b98a,343b99fafc313fd49f02b13abbf1f0437af30e3c3fa556fc6e547525ed71318a
2,Pick up object,Subject.2/Pick up object/PickupobjectS2.avi,train,second,1,res200002.png,de2c549395547150417ed52b54cf3a382e05a3fc3c3722426fdc11709ee28b83,9d171bcc1434cc99aa6474c72ed320603362843a7556ca8e5049ef6a13b6696e
2,Pick up object,Subject.2/Pick up object/PickupobjectS2.avi,train,penultimate,165,res200166.png,0dd3d9360a70ffa5067d14ee914d968d44c27a601f6bdce42c417df094b3896c,023b86446505d98e1a619688fa6743203c99098bfbf784113c94b07d2d411d10
2,Pick up object,Subject.2/Pick up object/PickupobjectS2.avi,train,last,166,res200167.png,aab169fec5841e9e29742c047ff4c4673502fce251394e047a69476bb24b73d8,9d5f95d0a3f540742bcc867b0cc5fe9fa21cae58e16c88513a31baf23ef063cb
2,Sit down,Subject.2/Sit down/SitDownS2.avi,train,first,0,ses200001.png,fd99f874bcaa5426c03101bb30d7544202de433135d1f1157870f955c0217dcf,2d58f518e1c7f20402594c967a814136ac6f636253b44651c0d791ac5a18f683
2,Sit down,Subject.2/Sit down/SitDownS2.avi,train,second,1,ses200002.png,b027da37c91a5db4cad19874da43e89276b0bc4f88e77146eb6d81ceb3aa1ec1,56aeb8972a51502d5281870ee4c51c37986e1e9517fbf2b2dbb62e73f453d18a
2,Sit down,Subject.2/Sit down/SitDownS2.avi,train,penultimate,111,ses200112.png,4b8796602fefcc65c5cc111ad43d23d46de3989d9db9ab60c35d6ef8101ca01d,f1ba6ba2d11d011b407878a3b287c7ccf5dab2232474ccec681d96ba00247024
2,Sit down,Subject.2/Sit down/SitDownS2.avi,train,last,112,ses200113.png,0c27ba9dd3dcf02c8f39591b6594e021f524b1e867657dce676173f1155d0a1c,61f37a0ce869db8a46478c3f69a90dd44ea57db17da039a91ff1f7e2d981fa9d
2,Walk,Subject.2/Walk/WalkS2.avi,train,first,0,cams200001.png,05ef9b360695af44328dec3b5865a886da970db964484834ca97270463b3c690,ccd58e871fa25fc69484e58d0891637a997e4a8c775e4cd939357f5654ed2f7a
2,Walk,Subject.2/Walk/WalkS2.avi,train,second,1,cams200002.png,7f2ade4c6034da5d79beb4b9ff51c61f384f963149b435cb26be86f30825e23a,67c215ca6803ad9774cd8ae166cff7c9d8b41c0b87a92518a0282b9c43b5dd2e
2,Walk,Subject.2/Walk/WalkS2.avi,train,penultimate,243,cams200244.png,d1ea7af38ce14149b0ee0d9adbe5a2f62cb1d1c4647bbd743ef17cad497c406d,23eac8c1a54cfd35b14f1b7e9a91842535e1a1da11d439c6f384aeac7b1497d5
2,Walk,Subject.2/Walk/WalkS2.avi,train,last,244,cams200245.png,bb6120a99623d4feda2d0b00d9103a89da0768558443fc8e4ec4a764e985bfb6,9f6a4dbcd0942af1fdf94969e9c2c2fd4cc6548a92c00f14df56289061fc97dd
3,Fall backwards,Subject.3/Fall backwards/FallBackwardsS3.avi,train,first,0,cas300001.png,4074721b34416052da0c39339ebac4314065ba6e389d17a221107743a290aa6f,a5f30e5ec9fd09a1c109833200001737777386eb96adb0e8d29a48c1b3cb561e
3,Fall backwards,Subject.3/Fall backwards/FallBackwardsS3.avi,train,second,1,cas300002.png,9cb2272fb68bb70b11958a3435ad6f76528b7f0a425280d3aa6a82a59854f0e3,83d41a13ea4b7946578b210a332a07b5652eabecf09c989e63da845ff14711e0
3,Fall backwards,Subject.3/Fall backwards/FallBackwardsS3.avi,train,penultimate,165,cas300166.png,5823b156d2043edfbd92ea88a3e3746e8fba5455c5a5814e4c282131f156d3b3,e46c31b684ecc250d9dcaf7e3c2be86959cf94b623c53809d1f1765e5b4dae6b
3,Fall backwards,Subject.3/Fall backwards/FallBackwardsS3.avi,train,last,166,cas300167.png,35538af7091ebeef2093a41b48679fa2b4f0531aed89702b9f711b1a2536c904,7b92bb66be0a362164221a1e04866bc11a898054b92d733a0fccf276a28e1dc6
3,Fall forward,Subject.3/Fall forward/FallForwardS3.avi,train,first,0,cfs300001.png,5bab7415685c3196dd5ebc9c139fce93be164e6f332ed267aab9d7cb77766c7a,54df4c6bfcccfb57e4d6eb80e1479568ee3fa4553bdfd4d1f01cf34b74b77bb6
3,Fall forward,Subject.3/Fall forward/FallForwardS3.avi,train,second,1,cfs300002.png,206d7da96127a8710648a0b831408768b14dafe35492b41a62f990ab34f20128,4d71d6d05e45a451e6def7218ec65d0f85df01483003c75f57dce4f2a22cecc7
3,Fall forward,Subject.3/Fall forward/FallForwardS3.avi,train,penultimate,152,cfs300153.png,95b9559ec4efa5392d09bc78b92d9543e972ab0e00dc8d87644a1c6833cbb625,706fa3b33f7b140d9198ba2d9cc44f0648637d66737281f834c13cf8bd575e6f
3,Fall forward,Subject.3/Fall forward/FallForwardS3.avi,train,last,153,cfs300154.png,85a6c889c02e93bd4b85979437f43959ff5fb1334ca68c4a51a5683581b3139e,3b7009a7d39e899941ea3a9627e63bbfdd7d6a31ccc81d335205c6225110216f
3,Fall left,Subject.3/Fall left/FallLeftS3.avi,train,first,0,cis300001.png,f3985bcd10702e2d1afc4ee1fa6a5834bed36689d06cdd599c23fe0b520204e6,12fec41b20017faaa4b2104859861aaad8ffd7aecc59d1002c92aec80e1a8422
3,Fall left,Subject.3/Fall left/FallLeftS3.avi,train,second,1,cis300002.png,2607d497f677a791a1d69528b56171ab9920d098915832407e31c6551f133bea,22284d183b12df083f0aa79d253dd08a682f2fe8d4832f15542825a8efa1c85c
3,Fall left,Subject.3/Fall left/FallLeftS3.avi,train,penultimate,170,cis300171.png,747da92c97081ca889c0f9147f84cbd5f12895b28d206f6077ad7c01a7896f07,f45d57fcb155df2914e90c04a75c2f95e0c5941f7d15f85028e2caf80de4aa42
3,Fall left,Subject.3/Fall left/FallLeftS3.avi,train,last,171,cis300172.png,13a16718f9d3500acca9ad003ef8e4b58ad790c55055d9cd116c2606c48f5af6,09339dc9b8b62d5755a40aa1b61c1026ac6e5870b5a8ba34d4f52db2be298620
3,Fall right,Subject.3/Fall right/FallRightS3.avi,train,first,0,cds300001.png,c9c64916bf84ff5f089f22008107c6de7aed570c5039cbc114115cf0919e4981,9c368a7213065711a2ac0bec9e9bee65f1ff207bec33f81a199ace11822df1a7
3,Fall right,Subject.3/Fall right/FallRightS3.avi,train,second,1,cds300002.png,2259bac4203e7f2cfe8200651df55a5eec7fc4c5b1e81cdde0da483fd2e96434,dcc57120b163642bdb224556e0943d4a4de4ec61cdecb16d8f000c3793e3fa39
3,Fall right,Subject.3/Fall right/FallRightS3.avi,train,penultimate,219,cds300220.png,9123d33b8a6e9644ddf2badc556f13d06ff96faa37cad5a45f26d3c6ed1d9aec,021619da332793bd42ae5e32e6b0f4a0458a1c8c2ecdd987b0709e823f4a9afa
3,Fall right,Subject.3/Fall right/FallRightS3.avi,train,last,220,cds300221.png,d3ac729d13db9dc701b4007ee1e9e7645a75570fbb4276367ceb1db46985237c,19b53ff62586450e3b594c1d9602919082d2121dd3bb66a74eaa205376fd8dc4
3,Fall sitting,Subject.3/Fall sitting/FallSittingS3.avi,train,first,0,css300001.png,cda37bec4c9de3b87b49bfabe868c0faef475cc9493f1bb35a6776197b31db03,535bf5b3ad68d8390c4285074f66a4232b5b0dec6452b56a9f6ff42951030edb
3,Fall sitting,Subject.3/Fall sitting/FallSittingS3.avi,train,second,1,css300002.png,8e0dbec8acc5893da4b4f3696c850fbb7f5fc538da177a9c789a05b20774775c,253f2432dca9d09d4ea01d2d5ab478172ec5ea28a91c6fc939a01fd0fa2c1f12
3,Fall sitting,Subject.3/Fall sitting/FallSittingS3.avi,train,penultimate,201,css300202.png,df729c01bf7cd00bcb7e42deb30e3fc87afc9c7ed720c070cdf384d3c699a00f,77510def9110f388ba05b845df05662c1ec38a00c4adb249867d10f60a5a9b32
3,Fall sitting,Subject.3/Fall sitting/FallSittingS3.avi,train,last,202,css300203.png,553bd20dc6171a0867b587c90b2bd14ba205bd00fe3450e1b0fc48e39c7cfaa2,13a08d8c79989981c24f3db27e74a19a0a0188a65623e42f7069dcf4fade887e
3,Hop,Subject.3/Hop/HopS3.avi,train,first,0,sals300001.png,ce14e4b7f780bd8bf7834618dc501aff9e752eae8f37cb59290ceca8dc56e961,19272a066e6aebccd1cf0fb8c1ea6f1cdbdafe4d781923cc3b6f91b17f3705f7
3,Hop,Subject.3/Hop/HopS3.avi,train,second,1,sals300002.png,bf52d9a11663b8077a7719bbaad8efa4bf31a1ea592f89b413b8f1f2b55abde0,a31ad782f4fad85af75ddc666d00f2440a5eb75e0c0d2995dff845b698b6afa4
3,Hop,Subject.3/Hop/HopS3.avi,train,penultimate,161,sals300162.png,171f0f8eb98e93c2a8de3fab518a3a5c8fe795e4dbf43648296b6b6edcd3528b,f9be6170cd23cf9e2e7f5599c62e49efb3a551086252da664083290a110e3860
3,Hop,Subject.3/Hop/HopS3.avi,train,last,162,sals300163.png,d8579c551dfaaf6355bb5a5d18574ede04a0033b07a358ca552844cbbf5e66a6,efb1d352a2748d78dd671360bc0ed59cea4490e1b21c11b153e401afc2ace9f6
3,Kneel,Subject.3/Kneel/KneelS3.avi,train,first,0,ars300001.png,64b534bcfaab41fb0f93e5691f36474fb95121da8a1999ba0eebbec83a2c43da,f53f0b056fdc00ede126c8fad87b3f64016b3fcbc9501cf41b8df5e4cab2d35d
3,Kneel,Subject.3/Kneel/KneelS3.avi,train,second,1,ars300002.png,3d77321dbfbeb424092c588d6b84292ff57afc06a14dd2749f5b28bca934f11f,b3c5263e2a658196edb174d61bb8a65aa25cfe1aefa63f46c7570aa33b1cb61c
3,Kneel,Subject.3/Kneel/KneelS3.avi,train,penultimate,212,ars300213.png,d50731050c36d3b77a509c378b048487a92b94ae350fe3f6aa8a94365240a846,e34e37a3665db454d7906e206f3ea4ebc573fd0c2b8cfa91a1c4638f4a739648
3,Kneel,Subject.3/Kneel/KneelS3.avi,train,last,213,ars300214.png,3339243367252fdd7843b16e940dd2205dff49713454dc6a4ec8d9ca19ea89d7,b8de0f120987abad6e288c07fde097d0605265d1447e0b622184cbe64df766c5
3,Pick up object,Subject.3/Pick up object/PickupobjectS3.avi,train,first,0,res300001.png,67c978ab22e8579c64e368f56764aee921e05cc7d2a53680c2402dbd258c6e8a,33a8a1a833622d1fba48f5ae27ea807854493453ce8e78a2db4adbbb587873e1
3,Pick up object,Subject.3/Pick up object/PickupobjectS3.avi,train,second,1,res300002.png,c44f145ea086da1dbffa9f28237235afe10bb2fe97f4ff009acc70fdcbbdd62f,c6b25d937240d71a6d9f38095dfe9976750e677aa48be290fa6c897eff33e63c
3,Pick up object,Subject.3/Pick up object/PickupobjectS3.avi,train,penultimate,185,res300186.png,7139bd6d130a1716b01ac8ac3e11c1b2213cd654b6d19097460b68dd9e4171d5,9c96f302d99a4c7b7ec1147bd63238d59c9762f03783c66dab7c9b7c0dccaabb
3,Pick up object,Subject.3/Pick up object/PickupobjectS3.avi,train,last,186,res300187.png,aa463a0c64f9c06f848bb3f845386071d81e4a3fc9edb8d388c4d8820b5559c3,56bc85e7e1bd5becbe4e4e4ff8da5c728d8cfb49b0df8dd3c010d568dd77808a
3,Sit down,Subject.3/Sit down/SitDownS3.avi,train,first,0,ses300001.png,170cffcefaba1e89ca0ff18022de2d2d14e9dadcb9809c8208ae2a5f96924467,94caf953f92325c70f139249f3daa1a514c7a9f79fef733b1acb769b5fe7c166
3,Sit down,Subject.3/Sit down/SitDownS3.avi,train,second,1,ses300002.png,252f0ea8d288ca4c5b828cfbeb21b6aaa80974c0fd69dff897bf58156eaf0a9e,110b5f15242fe8856b40aa4c299f4f3bfd73a99ce3a8a52104b58c39673abad3
3,Sit down,Subject.3/Sit down/SitDownS3.avi,train,penultimate,260,ses300261.png,fbc1bf75557ee7767ab0da1a32ef93830460f6d8d492e1e871ce360184a9b569,3e6dbebd97ec05acbcb236109970e65291133fb74597f01736d6f9a5af741b58
3,Sit down,Subject.3/Sit down/SitDownS3.avi,train,last,261,ses300262.png,1086637de24db4e31e1c67c1c0fe8039c7d94010668994d84f8356882fc4705f,74102ae2cb5781347b6461e295b11f1525d97977c00693e93408bd62186b9c42
3,Walk,Subject.3/Walk/WalkS3.avi,train,first,0,cams300001.png,a387cfe3272e3ce3d81e1abcad4b9f35abec311b7e01afaf102f1c677698e960,53ddd6e78f6890e23a74477332fe4c0714f47875f3aa8c96f22983b3f8b7df68
3,Walk,Subject.3/Walk/WalkS3.avi,train,second,1,cams300002.png,498994eec13f82bb835fac1fa957284cba074680b3274e1dff2adb0e7bdb4d99,7d5b264ca4e6ceaed82982d0e2effebea271ef16edf73a2761c6cb0f73aec7b3
3,Walk,Subject.3/Walk/WalkS3.avi,train,penultimate,175,cams300176.png,158fa11566f3940f37d8bd73f67c344561931116c60f3e38f6321fd0865e811c,2c84b6a97854543622041b39629a2589a69e51ab88e824d102c78077ee637691
3,Walk,Subject.3/Walk/WalkS3.avi,train,last,176,cams300177.png,ce506c64170db373f150246880f206b0a64cc57740e35d3e6ae2ea312394a81d,09a65772b3ecf0fbeaf4e59c135955d22b1922c6cf93db2d18264846213777e8
4,Fall backwards,Subject.4/Fall backwards/FallBackwardsS4.avi,train,first,0,cas400001.png,bd2caee8b26e03707356a92a47567ad34e7dc920327a02574997ea2ffd3ba531,0ccac4f893aa998c5d59e915c71c2b68832e4ffa037963f92ffdd88dc7d1742b
4,Fall backwards,Subject.4/Fall backwards/FallBackwardsS4.avi,train,second,1,cas400002.png,18f59d5766bd709b1741c0e3df51b726bf958234f87b6bfdf5c29c6893c398ea,b68c6f687b1bcbcc4e342b441fdaea11ad2f474b1d2c0796f108bd230a595b96
4,Fall backwards,Subject.4/Fall backwards/FallBackwardsS4.avi,train,penultimate,191,cas400192.png,1eb3e931d8afc70c8fcd20c2772d99ab7dbd5d8eab7aafcbda16100d5b5f9a1c,7dd4dd10b0b05e7002240599528b5aeede2ab2b8f50df06b1685e07879461083
4,Fall backwards,Subject.4/Fall backwards/FallBackwardsS4.avi,train,last,192,cas400193.png,d9bd300abcb0e98df6a34dd61dddbcbdcedf9372307adb0e5ac44e411c725448,b54ed85083b0a43863b07e9160b29a1c9ad8a388199b144e88f05783ff22df16
4,Fall forward,Subject.4/Fall forward/FallForwardS4.avi,train,first,0,cfs400001.png,957633672a768c671bb9e9f47b343947255c4b3ac051ea8322f4fb37061d1fa5,89f9cb3786774a9cc6c6eebd754bbecd190c4af2a7b703530a8d2ad012e5990c
4,Fall forward,Subject.4/Fall forward/FallForwardS4.avi,train,second,1,cfs400002.png,957633672a768c671bb9e9f47b343947255c4b3ac051ea8322f4fb37061d1fa5,89f9cb3786774a9cc6c6eebd754bbecd190c4af2a7b703530a8d2ad012e5990c
4,Fall forward,Subject.4/Fall forward/FallForwardS4.avi,train,penultimate,167,cfs400168.png,d7e34bf0139b613f62fc11edf3b5e169dc7d8f3efad5f903463693fefcfb703a,69b48afe8031d652a26b49c52b46a6a6e88764d1a18dc672e1c4bfe0cdbe0a18
4,Fall forward,Subject.4/Fall forward/FallForwardS4.avi,train,last,168,cfs400169.png,6c34fc42323d8e62d28afd4c8c7926d1972dcf8702faa18d8d3ec87b25f401d0,4e8d0a00c43e3206a828fe47eaa3d3ab515ab15c92deb6a0bc5898fecfbacbc9
4,Fall left,Subject.4/Fall left/FallLeftS4.avi,train,first,0,cis400001.png,990c114d391f9ed87590f7b593a8b3c0b9a845496349a80eb4333819adea1cbe,cc9afef69bdd5ae76c65c4b95cb06fae0310c6496f98cca27bdef6a62134aedf
4,Fall left,Subject.4/Fall left/FallLeftS4.avi,train,second,1,cis400002.png,2e16bcd0cb51a6813ad3b1f08224fc4ef9a92b64913b3d2c48f9c72d53688aa1,8e6179a33fb74e1f20c2cdfb40e8995a575ae04a232a1233238a1d3fdecd769e
4,Fall left,Subject.4/Fall left/FallLeftS4.avi,train,penultimate,161,cis400162.png,78f644a594bfae4eda8f7d01c2b04a03d47122e236ddbe62964d2a2e3f350509,0d4aacae224b94540d6141b57ed506d8e24f4d3c3f0804a109965cc46f7dff41
4,Fall left,Subject.4/Fall left/FallLeftS4.avi,train,last,162,cis400163.png,8ad377cbb9f1ded674fad53e7a4b877a8bb82ccec4081a3aedaaf890ef9d118d,ae4f64e302900e7f57f20d6bb8f9d4879ac666e1898ebdbd9ede1dcd2a545ab0
4,Fall right,Subject.4/Fall right/FallRightS4.avi,train,first,0,cds400001.png,2fdf635654b09aac4898fe7b11bfecd08456cd9b5fd2cf57e715af81e4a308e9,8a1699b7f64197d73434e53d3dbbc845e1e105797f23ec719fee0b78f7c638ed
4,Fall right,Subject.4/Fall right/FallRightS4.avi,train,second,1,cds400002.png,ba2fda88371b0f8d5d0405daabb7994acb8bda114d7410d6263b74753389bad3,2a160703d5bd91c6a7b84803c1ed0c91ffb6ce5e58fd9f3a06a8503329942e5e
4,Fall right,Subject.4/Fall right/FallRightS4.avi,train,penultimate,149,cds400150.png,c86c02cfac7e3e5c13967247ddcc88f2ba1ef76ca37eae981f4a76011ef974ad,c3a37302c7b8ae9fa280a3e253a49228e50b80d3de9c22cc42da2e85091c2889
4,Fall right,Subject.4/Fall right/FallRightS4.avi,train,last,150,cds400151.png,08ade9da9f946ae254033ae26b0bef449fa15edd8b8a2ee894ebc5c1d685dea1,ef948dde7920e3b10e587f180ffb8974864734b963f86178ff581a3de6db3e2d
4,Fall sitting,Subject.4/Fall sitting/FallSittingS4.avi,train,first,0,css400001.png,fff007de023bd9803e2597a90f4a5273ee2041742d4099004b8a843a1ef10ef6,862a699b3316f2710d5d25432e54330efe1b5deecc6d4294e4b7e27308071154
4,Fall sitting,Subject.4/Fall sitting/FallSittingS4.avi,train,second,1,css400002.png,037c84b1a3eef424683b8395d8293d95f3b99bdff77fe492fc2ba9041567693d,91bbef408617851e6ce80b7a36878d5aee76f1a08e5328e819092c407818c695
4,Fall sitting,Subject.4/Fall sitting/FallSittingS4.avi,train,penultimate,197,css400198.png,6037f4870ca4850c42461d755f302075e66b093d61ee2c50d975cca6a757ea1b,25f9787a63058809ae9c8c1006ce4490dcfcfdf14fec92d9b975af6caefe59fb
4,Fall sitting,Subject.4/Fall sitting/FallSittingS4.avi,train,last,198,css400199.png,93e7b142d7207e631ebc204327d968468261dec374abce09ae3d09d5bd6a54d8,a6e5c187a0c67af51bd0f855880e25cdccd1f62d03567e3c4bbe11e9712191f3
4,Hop,Subject.4/Hop/HopS4.avi,train,first,0,sals400001.png,5f9862aa20099947628c0aabed0c537115ecca5e7089fb9efdd0ad1448826630,9a66efddc5f2fce3f5b3e0393de3ddb70b4a6bca6fcaf649f5b8cd7b85817a83
4,Hop,Subject.4/Hop/HopS4.avi,train,second,1,sals400002.png,3eed64a515e4649719e37e2dd892966598d25f84c243408ad3ecc637ac8ebabc,d77da007856ebb41799b3454e24d0b3297cccd3707f0765bc81feeaa18f65297
4,Hop,Subject.4/Hop/HopS4.avi,train,penultimate,143,sals400144.png,325317bb2a2b247184e2d0167ad155a7891e96d04850a0895c464c3927061741,418e82eb932c86ff56dd795aad7068f80f13e0e3b13353d04248654d56ec6978
4,Hop,Subject.4/Hop/HopS4.avi,train,last,144,sals400145.png,c466d59c3dbe6a5df2a6f150284c891bebf34d40a1cc940de2cfbe22b4a0b0fa,e26943a374fbda11bd6bfd4e6705ccaac943873d8b5d26eb30a4dc2dca172546
4,Kneel,Subject.4/Kneel/KneelS4.avi,train,first,0,ars400001.png,e5a9a3205f64bb28f8bc3c1cfba779129c972b966d3a7a974492c11d318dce0e,f65426210d7a465830bafcbbe0acfd781ac7f7b67e30d24b536b91ae4a667893
4,Kneel,Subject.4/Kneel/KneelS4.avi,train,second,1,ars400002.png,1506e1e87fe61e83b776713973dfd20b9b544ebe757862e637aa45206a7f5fe7,4b3a6233c875753a610855947fe719f81f3f0e2cc0e4ff651b9591bbe7afc942
4,Kneel,Subject.4/Kneel/KneelS4.avi,train,penultimate,221,ars400222.png,e59deb2a71dffcac5f5a92a9a01f8c16b81c901ed13b5006605c10ef148ae546,9891e404914fdcf7ee2e04db178dfc9e52a2c36870d3fac20f81d315e5d1a774
4,Kneel,Subject.4/Kneel/KneelS4.avi,train,last,222,ars400223.png,a94184d87b912e48af210b34374492286a7bc2a232e825c8f66c89485a8ec037,0e377d4d29a11db230aa769519af00ed7722557038aa3b49c1b1d0d5163fc431
4,Pick up object,Subject.4/Pick up object/PickupobjectS4.avi,train,first,0,res400001.png,e5254011e0324fbafb07a579054cc0bfdf2ddc3a6136ff4fd7f8092d051f1807,deaad17217c1560bb791d1f71110b796d50457ec5415ed5ac58054aee97b6900
4,Pick up object,Subject.4/Pick up object/PickupobjectS4.avi,train,second,1,res400002.png,6d1bc48fb6f751582d6abb14031fa90ddf3397a23343677da6f9aa9f258a19c5,c3a9bda69570ce4fa978af8457e2a44ebc7ab9245691b1746af57d741b8f6b5a
4,Pick up object,Subject.4/Pick up object/PickupobjectS4.avi,train,penultimate,178,res400179.png,0d3cb5ec55ecc90277fedf8179a4ca357fdd61744d051cbadc757b143e69a663,96f0a173dd5d6e1449ce4aae772894ff58c432c2835135cc663ff8f7844d3499
4,Pick up object,Subject.4/Pick up object/PickupobjectS4.avi,train,last,179,res400180.png,0d3cb5ec55ecc90277fedf8179a4ca357fdd61744d051cbadc757b143e69a663,96f0a173dd5d6e1449ce4aae772894ff58c432c2835135cc663ff8f7844d3499
4,Sit down,Subject.4/Sit down/SitDownS4.avi,train,first,0,ses400001.png,91f637f9d2b57f1c2a54867f78884feda2a960a035d7b554080aa5d187247c28,5d402f7a3d6690a0c1349985da44eaee22173fa0a89a45c859165b66870169a6
4,Sit down,Subject.4/Sit down/SitDownS4.avi,train,second,1,ses400002.png,bb994e79d1a76fb2beac2b44faaa820d654cc472344bfeca2d0ea4f9c7c51e54,b8fca230826cc7df6bf59e99b2cdadf75487c4cb7dc6f18aa31e64bed9906bcc
4,Sit down,Subject.4/Sit down/SitDownS4.avi,train,penultimate,198,ses400199.png,0bafaecda8639b57d3c984605467afe8447982c47107569d1a6502075671e087,60b94144f972cf1f2e946c24aea7e7b5c679330ba137b37a7823477ae2348843
4,Sit down,Subject.4/Sit down/SitDownS4.avi,train,last,199,ses400200.png,5874fe70f95e62f2f26839df72cb7f772ee2ff241aa46236086b4e0429db776c,96ee48da6d78ed0bed7ba602e80a11bd772069f17b16029797b38127b46852a3
4,Walk,Subject.4/Walk/WalkS4.avi,train,first,0,cams400001.png,71e8288e95988dc4cf49c6a3e30d583e546f86e8ad62bf61a18a6e3f8fac0b42,d47068d4867b1c1c4ceff26eaeff17d82275baa46ae580a9f7f95646857dd964
4,Walk,Subject.4/Walk/WalkS4.avi,train,second,1,cams400002.png,306fc930b322c582d76b826dc0171e7c4792dccf4cabfaa1a69cc2ed639f31e3,f0d5858dbf9542113f033edc32d618905f11f6b23ba3e9e624b0c5436cc77d89
4,Walk,Subject.4/Walk/WalkS4.avi,train,penultimate,239,cams400240.png,805db6c9cd815be320cf858d263ea65db477795003cd9677b21a8c7e21b5fd77,ae6800f01c8781b66e781f0f181997f77a834d6861298a4d6e126dbc3fe03216
4,Walk,Subject.4/Walk/WalkS4.avi,train,last,240,cams400241.png,696157ac2013fb36ef30c84febc1e3cb1002daad1d1ff92834728d94802435e4,f3528c1e2dbfb42ed3dd5721ac91a9b792817c610194d18f4033ef5403426e18
8,Fall backwards,Subject.8/Fall backwards/FallBackwardsS8.avi,train,first,0,cas800001.png,11a9b94f553cd794c8d203747e31b9d6fb0036d01e0571b47eb1a2d173370aae,9c9203d9776f75be192d70ba93f680527e2ee7ef575268b4a36426450246a0ee
8,Fall backwards,Subject.8/Fall backwards/FallBackwardsS8.avi,train,second,1,cas800002.png,c014d9935f5bf9f98a46d388ebf74a3e1466b11ec1d0c3be5154e97d3e89c68e,7f422530336a179dd69f8485963c7b01bc13ba01042db1d1977eec5afbf42380
8,Fall backwards,Subject.8/Fall backwards/FallBackwardsS8.avi,train,penultimate,211,cas800212.png,3d41e5016e0a975fa9d5060f4f2ec27e4485e518bc31326f5ba4377cbb29ed0a,0d8d667495f7b88fe4fa326a18d09ec2db0bae27990774fd1df631fa5bccb836
8,Fall backwards,Subject.8/Fall backwards/FallBackwardsS8.avi,train,last,212,cas800213.png,cbe8e9bbbbae9e58a0e95c8ccd5fd0d70d0eb85b46b63547bad8c9af043e46c2,032bf1e44e0b9ec7dbf74fd0d457d52d8c4aa0f053256a1a6c7fa0e4c69d5c31
8,Fall forward,Subject.8/Fall forward/FallForwardS8.avi,train,first,0,cfs800001.png,766719cf0e33ad4e09ae426e2a9f5d64f89a862f45acea7153f50cd146940841,4beaa2e08de850397d8863a2fa79387066ffa4e4d8f46416cf477a8968736346
8,Fall forward,Subject.8/Fall forward/FallForwardS8.avi,train,second,1,cfs800002.png,947e60c591b75a651d97ab6efbea4d56021b8fe93e77dc1a0572f6d56d8f7824,cecea602e61e989d245964907a1ff01739b9a4f7cb8bacb59ad9f09593ea64ec
8,Fall forward,Subject.8/Fall forward/FallForwardS8.avi,train,penultimate,121,cfs800122.png,d4bfdc649a4c9896f8d754407520496e6783963e3b72b9e5b77ecbaf50fbd85e,48bcad729321b1cf918aef214c17cbec0a602ea5225d33e8ffaec0996c73a4c4
8,Fall forward,Subject.8/Fall forward/FallForwardS8.avi,train,last,122,cfs800123.png,75c2f7e445a7df05bde3d8185d1f7fda4316f2e9fe20e1512bdab4461e2353ac,e0fe0e4348b268c66a3700c556030dd97e01cb7f01191760d0f6975965bf5116
8,Fall left,Subject.8/Fall left/FallLeftS8.avi,train,first,0,cis800001.png,4ab3a2b6993081a351db6073576e64eccebc71b862e787c9719bdf47882cbb7b,aafa04cbffcbcb6c127146421e36ed6eae023842da1b492ac914a276df062d90
8,Fall left,Subject.8/Fall left/FallLeftS8.avi,train,second,1,cis800002.png,9654b63cd39cbb82dab8f45d06051a1ffbcbb329a4a07f59721999c9a8892de9,597072ae6f73de37321eeecc2665373bfbffc83913e5aa97a856afd68ce854e1
8,Fall left,Subject.8/Fall left/FallLeftS8.avi,train,penultimate,201,cis800202.png,5b7c30ccae5abc95a632c2d728f2ab0546c3c0305abee03b5684ed3c3e3e41c0,1eab5a0f2b466a3c957c20295aa5058cfd6feee3d69530ecc54cc5b643ff8523
8,Fall left,Subject.8/Fall left/FallLeftS8.avi,train,last,202,cis800203.png,c63cbd005d1292550f27f1e0ee143ac1de61702ff8a70595eee0e74dab26da98,454a391df8a88c9c8dfa33827ef2fbe39a72e939af2bb2e6baeb5dabdcea4faf
8,Fall right,Subject.8/Fall right/FallRightS8.avi,train,first,0,cds800001.png,efc6f18ffb0021aa3bc500662746adb114ff2cd69a313fcdaa8c629e45677246,8c29464a4d0aed249dd5a2b000615be7f2890d965a1a849a4b92c9cb4043c123
8,Fall right,Subject.8/Fall right/FallRightS8.avi,train,second,1,cds800002.png,9e14ef6d3b128bdf0ce532b2a86258597ef3da11f761022713d4977764eba477,5ecf7e21b6bd9c51327ed2e2f097d132ceb67bae8ba51a57ee3291f02a0a7bdc
8,Fall right,Subject.8/Fall right/FallRightS8.avi,train,penultimate,228,cds800229.png,9213428389db0c406f7367cc724fddf6bc216ab6aa923e626b4e40c8d6a2fe20,b6818af7d1f3865297a3d076e4941e7e0d1f990cb179eed69db2b7a167568146
8,Fall right,Subject.8/Fall right/FallRightS8.avi,train,last,229,cds800230.png,a834a3ad84568613fdf1813d3de3f0b91073f84058914c37f7c61c14a6caf7b1,71ba8f5eaf3b6d4b8a7fe3da5c8ae95ab49428e306d77a59eaa4bf12205c0e19
8,Fall sitting,Subject.8/Fall sitting/FallSittingS8.avi,train,first,0,css800001.png,1c02395a2c8196f63ead83db39ac09b42a9ee46cfd2be68d9ea3346e8669b795,5f57058283be3c0959f68938780ce078308ca9fcc739e154fdb31d3514a9faf5
8,Fall sitting,Subject.8/Fall sitting/FallSittingS8.avi,train,second,1,css800002.png,847a1ff07cc057d0dcc3738a99daff8e572e4312b24bbc591ae1c124e577bacd,8a3f32dc454883f40bb7459a1f0c72abb2f900e279258a84c5f75d60dc9f9833
8,Fall sitting,Subject.8/Fall sitting/FallSittingS8.avi,train,penultimate,233,css800234.png,a8df43fe03a71b4a17c78d8cdead5969866d0e49d6b8288fb011a0d3ab5b6949,a0ba5722b947f8e3545d903641702c6c3759932de4c9216f5e0beec9500d8286
8,Fall sitting,Subject.8/Fall sitting/FallSittingS8.avi,train,last,234,css800235.png,ebb8ccbd62ffae103c141167782f8931a12ef16470acb70a01cda46407d3e854,b946d0c8074937b350f7a8ab46b50befd51cc6ab69c230e11dc46c8a2cab7364
8,Hop,Subject.8/Hop/HopS8.avi,train,first,0,sals800001.png,0c399e4f06c00fe5569ea37e153a2c159a7f353f0940d5e2cccfb8bc5201df43,7e3a2dbd65c8c8d6f351aefe04245beea8e2cbca9e7c4bc3c70207ab1578b47f
8,Hop,Subject.8/Hop/HopS8.avi,train,second,1,sals800002.png,aff76e6d19c8706263638dcf92af63450ac7f4beb939642ad50e5f8440841142,717776d69536a27f61a533820c540231e5a6007cb23e8b3d6b03a43c33078aa4
8,Hop,Subject.8/Hop/HopS8.avi,train,penultimate,165,sals800166.png,3121bb001aa466ba7c072dff2feb5eeb6133a9439f8988ed0b6aaaa38892e4e9,4c6bbbe83fd75e4920343ae48fd8642549ea67f1978df772982024326eaa39fb
8,Hop,Subject.8/Hop/HopS8.avi,train,last,166,sals800167.png,dd7c8b26e86c68133f193851daed1c4451742708ed26f96e969740c6a31b424e,6c5911e730f8ae9523c83e3161743622f643ce315b7c0fbfc32839b0433f0fac
8,Kneel,Subject.8/Kneel/KneelS8.avi,train,first,0,ars800001.png,71daeb3fdb768186c794a6b89f76a349b92a01c96c9d95b4e0064075655e6a0f,5d34c59b550c29ebcb17617c644df992cf34c6549f7f3022670a4f13d7760ed2
8,Kneel,Subject.8/Kneel/KneelS8.avi,train,second,1,ars800002.png,d43499ed9946327ee1dcf60a38c5fbc14fe95d000b14818aaef1a14698f4c9a2,12b98a766a41490ba0c37bceca7d13739ebbca9111e5ad028fbe4dbc2fad08b1
8,Kneel,Subject.8/Kneel/KneelS8.avi,train,penultimate,255,ars800256.png,683ec88778a2209a432c6386e919f00e50b99a49bdd9527594cfba8fbab2a29e,1cee97d5440b12fc526bd943c50ce033b04bb2c3cb320da87ff51ab1b595d1f8
8,Kneel,Subject.8/Kneel/KneelS8.avi,train,last,256,ars800257.png,d0dabc029a18dc50dd04694ed43ee29753ff875da9cc9b610306dffbb1f3f926,49313ad39e4b39d9fce5a8b40e6810a5f8ec74c092169161ae384e353be3b066
8,Pick up object,Subject.8/Pick up object/PickupobjectS8.avi,train,first,0,res800001.png,0a86ffe93b1a7df342d9536b761f28702ab6943359a195fe2bb48f902a76c8cc,eb2aa551aa67c567d1fc5ca9928df057128f4fa9c6a27d5c20ae2675cd07cea9
8,Pick up object,Subject.8/Pick up object/PickupobjectS8.avi,train,second,1,res800002.png,32e20e4f7f3eeee83b1ecfb8653de3156011cd407798a3421078806b845a4748,67de22276a8e9186707c5b60e93fd7808a18a1d24a61d1a729221a9f078fe218
8,Pick up object,Subject.8/Pick up object/PickupobjectS8.avi,train,penultimate,265,res800266.png,e7d99c424dedf2134f462408a4d4d6a4bf23a252a1198ad95f8d9fd5b8e1300c,619724c0bd4691fa444e328b157601f734b6f6b4d435c51c80641d0e14951af2
8,Pick up object,Subject.8/Pick up object/PickupobjectS8.avi,train,last,266,res800267.png,9dd71d408e1cfb808a2f234e3666acb5b3058618be4a4910be2b5bb256dfea00,5674a2d5f379b26429068e99af649c0bf3ffd699ca0809e43e983ab369c1b316
8,Sit down,Subject.8/Sit down/SitDownS8.avi,train,first,0,ses800001.png,f529fdba1b215eab432d4294f639d0e462f0f8d4e2a6b0bf53b7b4db8ea1ade6,e2b1dad888b20f327ce6915758753ae017ee90e4c937db7615f19a75df34a347
8,Sit down,Subject.8/Sit down/SitDownS8.avi,train,second,1,ses800002.png,9afe8ba0c91ff60c66d763cf11d99b8df5091a717c72843b4cc7549c67b0538e,b90eb91ce5ee466e5db9475e8bf238f7d3121b184e44c1a95d191a7bcbbd5652
8,Sit down,Subject.8/Sit down/SitDownS8.avi,train,penultimate,211,ses800212.png,75401f925e3eccac94d3a27afeed232ad09bfb9351a3243aa4676eb84473c095,4a9d66861e4ef999635783ab856d38a9575419bdba9e572f8cb32e5499aaf116
8,Sit down,Subject.8/Sit down/SitDownS8.avi,train,last,212,ses800213.png,99c89ecb5c0ea6477f3d24d865622c8bba7e1bad7d4888521664c5a4e2e8dae1,b9739af8df9dcb52d695eb63d0d9f86e10e004111b6544b973dedcbcb8f15b33
8,Walk,Subject.8/Walk/WalkS8.avi,train,first,0,cams800001.png,870b2ed4b21a8ef923bbe0fa80f4a8a69596a74447c1e16c7bad051101465adf,4465cd73aa4c6d97806bb49c93725aaf80d2019a7d430a0ae14179545fd2f931
8,Walk,Subject.8/Walk/WalkS8.avi,train,second,1,cams800002.png,c1c2d666be75b7d96d70ba46b4b1eafc1f10d7eae23ba4a3ac98d079aedfb620,380a440c250a165018c91a3470a78bd59dafc814e11c6c97e3cb6243a72e76d4
8,Walk,Subject.8/Walk/WalkS8.avi,train,penultimate,215,cams800216.png,e879707e968fa6838829bc99a4ce814e1ab833830f2086b6383442b94e19387d,6b5bf543f32410bd1750d2213a0d33472a880d3fce09c5dfc07fb8f15ad99a92
8,Walk,Subject.8/Walk/WalkS8.avi,train,last,216,cams800217.png,cde9459361c902a5432f0686434bd227b4d5946a2f46af471a746c64a763e255,9aba7321c8dbd97a0fd7b5f2a58d7f6991f6e7554f0a67e16906c773ef778c74
9,Fall backwards,Subject.9/Fall backwards/FallBackwardsS9.avi,train,first,0,cas900001.png,af52f059845e69683a12e1789fa1cc15d19063ee0dd46e74cf7bf7dee9e576ba,53d345d16573d285117500befedd481d2421755ac0086e67748a2505c6ec1479
9,Fall backwards,Subject.9/Fall backwards/FallBackwardsS9.avi,train,second,1,cas900002.png,86aca4c444c0406c4ec18ea430eb52fa1c2e0ca9984ffd14b3fbf1aca3470e62,da3b9c69119d50aa5765ea30568020cff4b6d1e70e686c8dbd621b63365d28d0
9,Fall backwards,Subject.9/Fall backwards/FallBackwardsS9.avi,train,penultimate,251,cas900252.png,e7e7df5076f9db061d3232e2df96c06e92d2bc84a006d0eb01bbc8f64b07ecca,74698da893cbadf50c069974041fa2c178898e7e7be325292bd2687e73b8f950
9,Fall backwards,Subject.9/Fall backwards/FallBackwardsS9.avi,train,last,252,cas900253.png,6ef39c78081263725e47ad13ded23c701ec7c4a133f13978894ea0365e46f46f,f4f834679eae427bdc8ebd2a92cafc474d19975d2fc82638e51bb0de0ebb7f04
9,Fall forward,Subject.9/Fall forward/FallForwardS9.avi,train,first,0,cfs900001.png,8c0c49088f37b95dc8b316c8651e6bffeefd1b6930689467793e259965bb1754,c558fbb60d2ea9c1740a05612689c9c8b6e9762fa2eb813843e1321a942e2b93
9,Fall forward,Subject.9/Fall forward/FallForwardS9.avi,train,second,1,cfs900002.png,87aebaef444b876e131395009e09b3e5ddcbd3769227cbdb4a66451b4f973e29,2bf3c5d0ef0778793ff8a3003ae0e660f6dd725c2179a467007acc7fbdf60d96
9,Fall forward,Subject.9/Fall forward/FallForwardS9.avi,train,penultimate,147,cfs900148.png,e4ff05b051b8d990ab6d61e7db509d77ef83f5bdf4590b7259965942d60c7de1,55fc7b0b86e39f00e1ff4e1b5413e61ab42273a3b5c6d4c0096fddf2685e5645
9,Fall forward,Subject.9/Fall forward/FallForwardS9.avi,train,last,148,cfs900149.png,a96688bff789abad570807f00ef53db3d0aaf08f2696274efd406f411d7f04cd,57dee1b82a500d0ed597a9e00df07043878fd3a073265de84d38d0f41b00a339
9,Fall left,Subject.9/Fall left/FallLeftS9.avi,train,first,0,cis900001.png,1a10d6735e101959dddabad1ef45f481ce7d207b507e0674d5ed9ae7e0f3f3a5,83713a6c720d758428423289dab36e6934cc72f0bb1ac2f3eb26f20ebdb33919
9,Fall left,Subject.9/Fall left/FallLeftS9.avi,train,second,1,cis900002.png,d4bf8bfc10eb545d0b61d1f995a1d1f5eb91eeb7c0ccd0395f2a9aa035a8b767,5c24eda3d817f35c29291cb546690ff5421bf8f4222d7f5d4b38f7895b04d8e9
9,Fall left,Subject.9/Fall left/FallLeftS9.avi,train,penultimate,206,cis900207.png,fb18cfea125461fc16817cf160a1a7f3da49e9717078266e54bc880c734cbb88,010fca53e1832690c5174670ea94851543ef0952dabe9a3c1ef173adeab4a867
9,Fall left,Subject.9/Fall left/FallLeftS9.avi,train,last,207,cis900208.png,76114fd05e0c56004c06f5581b4de61c21422199d502306acaf2a35fd1dd41ae,0f5194241b1dea14a048b4c6bcfcc25341e47dea1e8250481ccfcc9a0659c07e
9,Fall right,Subject.9/Fall right/FallRightS9.avi,train,first,0,cds900001.png,145efb56d73e1a8a1c40f740c5ef7c191c9b90f6221458f576e3f7e725a41fa0,8fb2da808ae01520c9a3089bb55d2402a16bf8b014b8083627ebf0b2ac1cfb69
9,Fall right,Subject.9/Fall right/FallRightS9.avi,train,second,1,cds900002.png,7858efbe70082d292b5bb038f9535d6a43a18f2065cace414e27b9e46b438daf,719280167520e2cab4996e94a24cf0e54dffbceea4d14fedc53cb0c3ba241088
9,Fall right,Subject.9/Fall right/FallRightS9.avi,train,penultimate,188,cds900189.png,29dd845bc93fa9151a0c5adb58cbc3b0c2aa8183bbb9c35ce342b6b6f050359a,3f51f6f48eda208e097078ef8002e120adaede60c56fb5442b2fd9d1cb5839b5
9,Fall right,Subject.9/Fall right/FallRightS9.avi,train,last,189,cds900190.png,e060c1064e10b03857ff373d8554a168a7afc40b7b394c759ee65396225d5308,1d2f03e580bc6f00f39045fb031e90b9c6d46ca8dc1e6879f42572a5753844d3
9,Fall sitting,Subject.9/Fall sitting/FallSittingS9.avi,train,first,0,css900001.png,7c9d1157c18d54283664f0af44e273f3eb1249cc944c2a95b7ce9a38fa1e4f96,f32bb14a3af6958c752748c204ef8b93f83cb63966604d301d96b02870b76baa
9,Fall sitting,Subject.9/Fall sitting/FallSittingS9.avi,train,second,1,css900002.png,29610970bcb455cd6043c2070ca3fade27dcb3d37af3780c791bcfb17850ffaf,e91677ad10bf0b559c4eeb3514cab9a8e7522435fa9eeb9333f69aca7819a390
9,Fall sitting,Subject.9/Fall sitting/FallSittingS9.avi,train,penultimate,215,css900216.png,c8093c7ac61f57d223e886a0354be0f6c18194c6fdeb07f8d14537f72b24c977,f0ae4d76a9246664d4205ae42ffa0667b86fe7bf00241a6255424a20759c4ab7
9,Fall sitting,Subject.9/Fall sitting/FallSittingS9.avi,train,last,216,css900217.png,c8093c7ac61f57d223e886a0354be0f6c18194c6fdeb07f8d14537f72b24c977,f0ae4d76a9246664d4205ae42ffa0667b86fe7bf00241a6255424a20759c4ab7
9,Hop,Subject.9/Hop/HopS9.avi,train,first,0,sals900001.png,0c5fdd34218321001bb93b61e79564c64f9a0673a700294f431b8df06566aacb,f41f00574c400def4f82515daa644f2177df58da83e3a7c32e13084699110c64
9,Hop,Subject.9/Hop/HopS9.avi,train,second,1,sals900002.png,c0a3345b8ee7e863bd93e7854b7ead663a07ab283a5ee25e722e88d3606d291c,fb88dfa833f0ebac44eaf56afcc49507e325804fcd8670ee23af2e0f09e24057
9,Hop,Subject.9/Hop/HopS9.avi,train,penultimate,211,sals900212.png,b6c304c4a5eca4fe9c1a8261bab7765778ec2bc0f2e99b83dc6ba2f6de9f82c1,dbdfa26429b542f2f27621bb101c8d5e5de5848630fefebab02207063418ec04
9,Hop,Subject.9/Hop/HopS9.avi,train,last,212,sals900213.png,b1a4b70ca9acef9bccddccc81a48cda2861f811ca658eae9338f9e12b913c18d,7f54092684f9e6a5dd0d7ebfc7e4cba5a8f026dca38e9184cec15221e2714967
9,Kneel,Subject.9/Kneel/KneelS9.avi,train,first,0,ars900001.png,043827e074ffaabd7f5af1e628a88534434a557194c4652d86acdc2916666b19,a83d5491fe08043bc753a3e6d0c4a7a7d00a6d57e8cd4de2cc564d48021d91af
9,Kneel,Subject.9/Kneel/KneelS9.avi,train,second,1,ars900002.png,52601159aa55653a76ce9f70912c53311621b730ca85e838462598c19960ea6c,27ae16f1ea26c687cf92fe2830bcedcf1691614cfa819daf3e720808b139f5e6
9,Kneel,Subject.9/Kneel/KneelS9.avi,train,penultimate,215,ars900216.png,6aaaba39eaf29bfe5cc3d9e113f7d243fff97ca17ca8d77007bbf955c397e6d1,fad728a9bb04159babefd342e16381c1a33d13fbdf36f6602ca93b3bbd364e64
9,Kneel,Subject.9/Kneel/KneelS9.avi,train,last,216,ars900217.png,458c5a6d861a2925df4267b542e22af30e246ca47c63c5cea1858371cc6961a6,d6a059c19f676803d1d1b15419aff3efd7a2ae9b1896fb6bc0d86de00ccb3d36
9,Pick up object,Subject.9/Pick up object/PickupobjectS9.avi,train,first,0,res900001.png,d246c059e5769c4361c6a7b439a0e0a319c78dc05e4cff2baa07e5ac846d75c8,2915ea4cd22d3f492dc12d26f4186512f6c3fec786c039290b2a8d272ac61b62
9,Pick up object,Subject.9/Pick up object/PickupobjectS9.avi,train,second,1,res900002.png,713da57bd2fb651735d850042b61d910e6047769486e6b308bb7ca11062a89b6,73501ca0fed44a4d614173d750b21b548100cc0b1d08632e7caa314659282d98
9,Pick up object,Subject.9/Pick up object/PickupobjectS9.avi,train,penultimate,219,res900220.png,616fd9082883af166f65241dc4b415f3884afee982474085f6a22c6b37b4d4eb,dbf890b0e5eb5e023f5c95fae70450b28c3c9a8b1ae99ba191093bec5d3e6513
9,Pick up object,Subject.9/Pick up object/PickupobjectS9.avi,train,last,220,res900221.png,cd13178d847500f7ae51acd81f6b7e300c27befa062202662a6042fba57bfaa1,5397e49673f0af51f2c7dfc6a2b107b104e1986a11bbbf0c1d37bc3068eda372
9,Sit down,Subject.9/Sit down/SitDownS9.avi,train,first,0,ses900001.png,41c8d0d27f5cb3a9169d772d031939ed3c31ddb8b1e5a7d9828d301bd1d2db86,5fb057e190a38fcef4d14b6caadbacfe7164a45b0f1acd6ab0e1275e60265788
9,Sit down,Subject.9/Sit down/SitDownS9.avi,train,second,1,ses900002.png,43ede3a9e737deb991a3e3686a896bd87fbd3b2a662c028ac8864bf28005a217,97d8fb9e3946e79d844ddaed59afa2063bf2a6b5269c32283404b1e490a7ef23
9,Sit down,Subject.9/Sit down/SitDownS9.avi,train,penultimate,237,ses900238.png,a593b3a5f620b37f844061f5ce24d62a89a35542f88f477a8890f9e4bd27738a,23d0f28c1f7c83bc005f72401b083a287451162c34c4cf4f8ae32e4521f68301
9,Sit down,Subject.9/Sit down/SitDownS9.avi,train,last,238,ses900239.png,1657d09e3cf0184c3d0669f8d6e71edfd6c3cf90a8a456fc38777887104e4a04,dc9e714d28a6ff442642aa8b708cfa7e13b5b865df3af998fd97a11cd37a6bb7
9,Walk,Subject.9/Walk/WalkS9.avi,train,first,0,cams900001.png,3a0092ff2f15ca55734845255dc81c52e83ceb5744eb652c68bcccde640a4778,c015518c0eaf12eca425f48928fd53d1c3c39de3be1309b22006acc7bcdf29f4
9,Walk,Subject.9/Walk/WalkS9.avi,train,second,1,cams900002.png,cb35ed018aa59942b0ffd94372b3f7757f003a2b8ca3b31a50b05d50d7f542f3,088f185d05c9275c09c0d7504d23d8d34c3ee1e39680644d7052c6b281a14282
9,Walk,Subject.9/Walk/WalkS9.avi,train,penultimate,233,cams900234.png,b94674dbaf4f7b3dcf0239f8e06fc76622bd983d8afb6c6f84f3fc5b51569b88,c817aa633f1f30fd1864f37c6c55c4cf5d8f52195cf59656635168bd5ae695e9
9,Walk,Subject.9/Walk/WalkS9.avi,train,last,234,cams900235.png,fd62e2461fcb5863ddcfaf2b0e100fa18f58f741dfb9f1771fdff364f22391dc,938e02f24d903d51232fa0865d9055edaaf33d5d1c14bab8645bfcd24e7062a6
