evidence_id,category,topic,statement,source,limitation
P1,FACT_SUPPORTED_BY_LOCAL_EVIDENCE,local AVI FPS,"Selected Train AVI metadata and Stage 2 timeline use 20 FPS; reused frozen Stage 1/3.2a records, no AVI reread.",artifacts/dataset_inspection/inventory.csv; Stage 3.2a per_video_annotation_inventory.csv,Does not establish PNG sample spacing
P2,FACT_SUPPORTED_ONLY_BY_EXTERNAL_DATASET_DOCUMENTATION,camera acquisition specification,"Official V5 page describes camera capability of 23 FPS at 1080x960, with motion-triggered DVR recording.",https://data.mendeley.com/datasets/7w7fccy7ky/5,Capability wording is not a verified per-recording clock or distributed PNG rate
P3,FACT_SUPPORTED_BY_LOCAL_EVIDENCE,workbook counts,Train blocks have Activity/Frames columns; documented Train total 11177; no FPS or timestamp field in these blocks.,data/raw/caucafall_v5/Dataset details.xlsx; workbook_train_evidence.csv,How frame counts were produced is undocumented; count agreement does not establish sampling intervals
P4,DERIVED_OBSERVATION,workbook reconciliation,1 Train sequences differ from the workbook frame count.,workbook_train_evidence.csv,"Missing filename indices can explain count arithmetic, not physical capture history"
P5,DERIVED_OBSERVATION,PNG time ratios,PNG sample/interval counts divided by two explicitly defined AVI duration conventions are diagnostics only.,timebase_diagnostics.csv,Equal temporal coverage and constant PNG spacing are not established
P6,FACT_SUPPORTED_BY_LOCAL_EVIDENCE,local provenance search,Inspected available workbook Train blocks and searched global/Train directories for text records; 1 supplemental files inspected.,local_provenance_search.csv,Limited to supplied dataset root and Train directories; general JPEG illustrations supply no asserted timing facts
P7,FACT_SUPPORTED_BY_LOCAL_EVIDENCE,PNG ancillary metadata,0 textual/time/EXIF ancillary records found among selected PNGs.,annotation_native_frames.csv,"Modification-time metadata, if present, is not assumed to be capture time"
P8,UNRESOLVED,AVI transcoding FPS/process,Available evidence does not establish this fact.,local_provenance_search.csv; annotation_native_sequence_inventory.csv; png_duplicate_audit.csv,"No assumption, sequence repair, or downstream policy selected"
P9,UNRESOLVED,PNG extraction/sample rate,Available evidence does not establish this fact.,local_provenance_search.csv; annotation_native_sequence_inventory.csv; png_duplicate_audit.csv,"No assumption, sequence repair, or downstream policy selected"
P10,UNRESOLVED,every captured frame exported to PNG,Available evidence does not establish this fact.,local_provenance_search.csv; annotation_native_sequence_inventory.csv; png_duplicate_audit.csv,"No assumption, sequence repair, or downstream policy selected"
P11,UNRESOLVED,PNGs extracted from distributed AVI versus original recording,Available evidence does not establish this fact.,local_provenance_search.csv; annotation_native_sequence_inventory.csv; png_duplicate_audit.csv,"No assumption, sequence repair, or downstream policy selected"
P12,UNRESOLVED,PNG physical timestamps,Available evidence does not establish this fact.,local_provenance_search.csv; annotation_native_sequence_inventory.csv; png_duplicate_audit.csv,"No assumption, sequence repair, or downstream policy selected"
P13,UNRESOLVED,Dataset_details frame-count generation,Available evidence does not establish this fact.,local_provenance_search.csv; annotation_native_sequence_inventory.csv; png_duplicate_audit.csv,"No assumption, sequence repair, or downstream policy selected"
P14,UNRESOLVED,systematic PNG-minus-AVI +1 cause,Available evidence does not establish this fact.,local_provenance_search.csv; annotation_native_sequence_inventory.csv; png_duplicate_audit.csv,"No assumption, sequence repair, or downstream policy selected"
P15,UNRESOLVED,Subject.2 Fall backwards +2 cause,Available evidence does not establish this fact.,local_provenance_search.csv; annotation_native_sequence_inventory.csv; png_duplicate_audit.csv,"No assumption, sequence repair, or downstream policy selected"
