subject_id,activity,source_video_identity,split,png_count,avi_count,local_avi_fps,avi_count_duration_seconds,avi_first_last_sample_span_seconds,png_count_over_avi_count_duration,png_count_over_avi_first_last_span,png_intervals_over_avi_count_duration,png_intervals_over_avi_first_last_span,annotation_timebase_status,verified_png_fps,interpretation
1,Fall backwards,Subject.1/Fall backwards/FallBackwardsS1.avi,train,126,125,20.0,6.25,6.2,20.16,20.32258064516129,20.0,20.161290322580644,unresolved,,ratios only; equal acquisition coverage and constant PNG spacing are unverified
1,Fall forward,Subject.1/Fall forward/FallForwardS1.avi,train,191,190,20.0,9.5,9.45,20.105263157894736,20.211640211640212,20.0,20.105820105820108,unresolved,,ratios only; equal acquisition coverage and constant PNG spacing are unverified
1,Fall left,Subject.1/Fall left/FallLeftS1.avi,train,87,86,20.0,4.3,4.25,20.232558139534884,20.470588235294116,20.0,20.235294117647058,unresolved,,ratios only; equal acquisition coverage and constant PNG spacing are unverified
1,Fall right,Subject.1/Fall right/FallRightS1.avi,train,115,114,20.0,5.7,5.65,20.175438596491226,20.353982300884955,20.0,20.176991150442475,unresolved,,ratios only; equal acquisition coverage and constant PNG spacing are unverified
1,Fall sitting,Subject.1/Fall sitting/FallSittingS1.avi,train,183,182,20.0,9.1,9.05,20.10989010989011,20.22099447513812,20.0,20.11049723756906,unresolved,,ratios only; equal acquisition coverage and constant PNG spacing are unverified
1,Hop,Subject.1/Hop/HopS1.avi,train,183,182,20.0,9.1,9.05,20.10989010989011,20.22099447513812,20.0,20.11049723756906,unresolved,,ratios only; equal acquisition coverage and constant PNG spacing are unverified
1,Kneel,Subject.1/Kneel/KneelS1.avi,train,220,219,20.0,10.95,10.9,20.091324200913242,20.183486238532108,20.0,20.091743119266056,unresolved,,ratios only; equal acquisition coverage and constant PNG spacing are unverified
1,Pick up object,Subject.1/Pick up object/PickupobjectS1.avi,train,118,117,20.0,5.85,5.8,20.170940170940174,20.344827586206897,20.0,20.17241379310345,unresolved,,ratios only; equal acquisition coverage and constant PNG spacing are unverified
1,Sit down,Subject.1/Sit down/SitDownS1.avi,train,188,187,20.0,9.35,9.3,20.106951871657756,20.21505376344086,20.0,20.10752688172043,unresolved,,ratios only; equal acquisition coverage and constant PNG spacing are unverified
1,Walk,Subject.1/Walk/WalkS1.avi,train,243,242,20.0,12.1,12.05,20.082644628099175,20.16597510373444,20.0,20.08298755186722,unresolved,,ratios only; equal acquisition coverage and constant PNG spacing are unverified
2,Fall backwards,Subject.2/Fall backwards/FallBackwardsS2.avi,train,121,119,20.0,5.95,5.9,20.33613445378151,20.508474576271187,20.168067226890756,20.338983050847457,unresolved,,ratios only; equal acquisition coverage and constant PNG spacing are unverified
2,Fall forward,Subject.2/Fall forward/FallForwardS2.avi,train,107,106,20.0,5.3,5.25,20.18867924528302,20.38095238095238,20.0,20.19047619047619,unresolved,,ratios only; equal acquisition coverage and constant PNG spacing are unverified
2,Fall left,Subject.2/Fall left/FallLeftS2.avi,train,110,109,20.0,5.45,5.4,20.183486238532108,20.37037037037037,20.0,20.185185185185183,unresolved,,ratios only; equal acquisition coverage and constant PNG spacing are unverified
2,Fall right,Subject.2/Fall right/FallRightS2.avi,train,147,146,20.0,7.3,7.25,20.136986301369863,20.275862068965516,20.0,20.137931034482758,unresolved,,ratios only; equal acquisition coverage and constant PNG spacing are unverified
2,Fall sitting,Subject.2/Fall sitting/FallSittingS2.avi,train,158,157,20.0,7.85,7.8,20.127388535031848,20.256410256410255,20.0,20.128205128205128,unresolved,,ratios only; equal acquisition coverage and constant PNG spacing are unverified
2,Hop,Subject.2/Hop/HopS2.avi,train,172,171,20.0,8.55,8.5,20.116959064327485,20.235294117647058,20.0,20.11764705882353,unresolved,,ratios only; equal acquisition coverage and constant PNG spacing are unverified
2,Kneel,Subject.2/Kneel/KneelS2.avi,train,131,130,20.0,6.5,6.45,20.153846153846153,20.310077519379846,20.0,20.155038759689923,unresolved,,ratios only; equal acquisition coverage and constant PNG spacing are unverified
2,Pick up object,Subject.2/Pick up object/PickupobjectS2.avi,train,167,166,20.0,8.3,8.25,20.12048192771084,20.242424242424242,20.0,20.12121212121212,unresolved,,ratios only; equal acquisition coverage and constant PNG spacing are unverified
2,Sit down,Subject.2/Sit down/SitDownS2.avi,train,113,112,20.0,5.6,5.55,20.17857142857143,20.36036036036036,20.0,20.18018018018018,unresolved,,ratios only; equal acquisition coverage and constant PNG spacing are unverified
2,Walk,Subject.2/Walk/WalkS2.avi,train,245,244,20.0,12.2,12.15,20.081967213114755,20.16460905349794,20.0,20.08230452674897,unresolved,,ratios only; equal acquisition coverage and constant PNG spacing are unverified
3,Fall backwards,Subject.3/Fall backwards/FallBackwardsS3.avi,train,167,166,20.0,8.3,8.25,20.12048192771084,20.242424242424242,20.0,20.12121212121212,unresolved,,ratios only; equal acquisition coverage and constant PNG spacing are unverified
3,Fall forward,Subject.3/Fall forward/FallForwardS3.avi,train,154,153,20.0,7.65,7.6,20.130718954248366,20.263157894736842,20.0,20.13157894736842,unresolved,,ratios only; equal acquisition coverage and constant PNG spacing are unverified
3,Fall left,Subject.3/Fall left/FallLeftS3.avi,train,172,171,20.0,8.55,8.5,20.116959064327485,20.235294117647058,20.0,20.11764705882353,unresolved,,ratios only; equal acquisition coverage and constant PNG spacing are unverified
3,Fall right,Subject.3/Fall right/FallRightS3.avi,train,221,220,20.0,11.0,10.95,20.09090909090909,20.182648401826484,20.0,20.091324200913242,unresolved,,ratios only; equal acquisition coverage and constant PNG spacing are unverified
3,Fall sitting,Subject.3/Fall sitting/FallSittingS3.avi,train,203,202,20.0,10.1,10.05,20.0990099009901,20.199004975124378,20.0,20.099502487562187,unresolved,,ratios only; equal acquisition coverage and constant PNG spacing are unverified
3,Hop,Subject.3/Hop/HopS3.avi,train,163,162,20.0,8.1,8.05,20.12345679012346,20.248447204968944,20.0,20.12422360248447,unresolved,,ratios only; equal acquisition coverage and constant PNG spacing are unverified
3,Kneel,Subject.3/Kneel/KneelS3.avi,train,214,213,20.0,10.65,10.6,20.093896713615024,20.18867924528302,20.0,20.09433962264151,unresolved,,ratios only; equal acquisition coverage and constant PNG spacing are unverified
3,Pick up object,Subject.3/Pick up object/PickupobjectS3.avi,train,187,186,20.0,9.3,9.25,20.10752688172043,20.216216216216218,20.0,20.10810810810811,unresolved,,ratios only; equal acquisition coverage and constant PNG spacing are unverified
3,Sit down,Subject.3/Sit down/SitDownS3.avi,train,262,261,20.0,13.05,13.0,20.07662835249042,20.153846153846153,20.0,20.076923076923077,unresolved,,ratios only; equal acquisition coverage and constant PNG spacing are unverified
3,Walk,Subject.3/Walk/WalkS3.avi,train,177,176,20.0,8.8,8.75,20.113636363636363,20.228571428571428,20.0,20.114285714285714,unresolved,,ratios only; equal acquisition coverage and constant PNG spacing are unverified
4,Fall backwards,Subject.4/Fall backwards/FallBackwardsS4.avi,train,193,192,20.0,9.6,9.55,20.104166666666668,20.209424083769633,20.0,20.104712041884817,unresolved,,ratios only; equal acquisition coverage and constant PNG spacing are unverified
4,Fall forward,Subject.4/Fall forward/FallForwardS4.avi,train,169,168,20.0,8.4,8.35,20.119047619047617,20.239520958083833,20.0,20.11976047904192,unresolved,,ratios only; equal acquisition coverage and constant PNG spacing are unverified
4,Fall left,Subject.4/Fall left/FallLeftS4.avi,train,163,162,20.0,8.1,8.05,20.12345679012346,20.248447204968944,20.0,20.12422360248447,unresolved,,ratios only; equal acquisition coverage and constant PNG spacing are unverified
4,Fall right,Subject.4/Fall right/FallRightS4.avi,train,151,150,20.0,7.5,7.45,20.133333333333333,20.268456375838927,20.0,20.13422818791946,unresolved,,ratios only; equal acquisition coverage and constant PNG spacing are unverified
4,Fall sitting,Subject.4/Fall sitting/FallSittingS4.avi,train,199,198,20.0,9.9,9.85,20.1010101010101,20.20304568527919,20.0,20.101522842639593,unresolved,,ratios only; equal acquisition coverage and constant PNG spacing are unverified
4,Hop,Subject.4/Hop/HopS4.avi,train,145,144,20.0,7.2,7.15,20.13888888888889,20.27972027972028,20.0,20.13986013986014,unresolved,,ratios only; equal acquisition coverage and constant PNG spacing are unverified
4,Kneel,Subject.4/Kneel/KneelS4.avi,train,223,222,20.0,11.1,11.05,20.09009009009009,20.18099547511312,20.0,20.09049773755656,unresolved,,ratios only; equal acquisition coverage and constant PNG spacing are unverified
4,Pick up object,Subject.4/Pick up object/PickupobjectS4.avi,train,180,179,20.0,8.95,8.9,20.11173184357542,20.224719101123593,20.0,20.1123595505618,unresolved,,ratios only; equal acquisition coverage and constant PNG spacing are unverified
4,Sit down,Subject.4/Sit down/SitDownS4.avi,train,200,199,20.0,9.95,9.9,20.100502512562816,20.2020202020202,20.0,20.1010101010101,unresolved,,ratios only; equal acquisition coverage and constant PNG spacing are unverified
4,Walk,Subject.4/Walk/WalkS4.avi,train,241,240,20.0,12.0,11.95,20.083333333333332,20.167364016736403,20.0,20.083682008368203,unresolved,,ratios only; equal acquisition coverage and constant PNG spacing are unverified
8,Fall backwards,Subject.8/Fall backwards/FallBackwardsS8.avi,train,213,212,20.0,10.6,10.55,20.09433962264151,20.18957345971564,20.0,20.09478672985782,unresolved,,ratios only; equal acquisition coverage and constant PNG spacing are unverified
8,Fall forward,Subject.8/Fall forward/FallForwardS8.avi,train,123,122,20.0,6.1,6.05,20.16393442622951,20.330578512396695,20.0,20.16528925619835,unresolved,,ratios only; equal acquisition coverage and constant PNG spacing are unverified
8,Fall left,Subject.8/Fall left/FallLeftS8.avi,train,203,202,20.0,10.1,10.05,20.0990099009901,20.199004975124378,20.0,20.099502487562187,unresolved,,ratios only; equal acquisition coverage and constant PNG spacing are unverified
8,Fall right,Subject.8/Fall right/FallRightS8.avi,train,230,229,20.0,11.45,11.4,20.087336244541486,20.175438596491226,20.0,20.087719298245613,unresolved,,ratios only; equal acquisition coverage and constant PNG spacing are unverified
8,Fall sitting,Subject.8/Fall sitting/FallSittingS8.avi,train,235,234,20.0,11.7,11.65,20.085470085470085,20.171673819742487,20.0,20.085836909871244,unresolved,,ratios only; equal acquisition coverage and constant PNG spacing are unverified
8,Hop,Subject.8/Hop/HopS8.avi,train,167,166,20.0,8.3,8.25,20.12048192771084,20.242424242424242,20.0,20.12121212121212,unresolved,,ratios only; equal acquisition coverage and constant PNG spacing are unverified
8,Kneel,Subject.8/Kneel/KneelS8.avi,train,257,256,20.0,12.8,12.75,20.078125,20.15686274509804,20.0,20.07843137254902,unresolved,,ratios only; equal acquisition coverage and constant PNG spacing are unverified
8,Pick up object,Subject.8/Pick up object/PickupobjectS8.avi,train,267,266,20.0,13.3,13.25,20.075187969924812,20.150943396226417,20.0,20.07547169811321,unresolved,,ratios only; equal acquisition coverage and constant PNG spacing are unverified
8,Sit down,Subject.8/Sit down/SitDownS8.avi,train,213,212,20.0,10.6,10.55,20.09433962264151,20.18957345971564,20.0,20.09478672985782,unresolved,,ratios only; equal acquisition coverage and constant PNG spacing are unverified
8,Walk,Subject.8/Walk/WalkS8.avi,train,217,216,20.0,10.8,10.75,20.09259259259259,20.186046511627907,20.0,20.093023255813954,unresolved,,ratios only; equal acquisition coverage and constant PNG spacing are unverified
9,Fall backwards,Subject.9/Fall backwards/FallBackwardsS9.avi,train,253,252,20.0,12.6,12.55,20.07936507936508,20.159362549800797,20.0,20.0796812749004,unresolved,,ratios only; equal acquisition coverage and constant PNG spacing are unverified
9,Fall forward,Subject.9/Fall forward/FallForwardS9.avi,train,149,148,20.0,7.4,7.35,20.135135135135133,20.272108843537417,20.0,20.13605442176871,unresolved,,ratios only; equal acquisition coverage and constant PNG spacing are unverified
9,Fall left,Subject.9/Fall left/FallLeftS9.avi,train,208,207,20.0,10.35,10.3,20.096618357487923,20.19417475728155,20.0,20.097087378640776,unresolved,,ratios only; equal acquisition coverage and constant PNG spacing are unverified
9,Fall right,Subject.9/Fall right/FallRightS9.avi,train,190,189,20.0,9.45,9.4,20.105820105820108,20.21276595744681,20.0,20.106382978723403,unresolved,,ratios only; equal acquisition coverage and constant PNG spacing are unverified
9,Fall sitting,Subject.9/Fall sitting/FallSittingS9.avi,train,217,216,20.0,10.8,10.75,20.09259259259259,20.186046511627907,20.0,20.093023255813954,unresolved,,ratios only; equal acquisition coverage and constant PNG spacing are unverified
9,Hop,Subject.9/Hop/HopS9.avi,train,213,212,20.0,10.6,10.55,20.09433962264151,20.18957345971564,20.0,20.09478672985782,unresolved,,ratios only; equal acquisition coverage and constant PNG spacing are unverified
9,Kneel,Subject.9/Kneel/KneelS9.avi,train,217,216,20.0,10.8,10.75,20.09259259259259,20.186046511627907,20.0,20.093023255813954,unresolved,,ratios only; equal acquisition coverage and constant PNG spacing are unverified
9,Pick up object,Subject.9/Pick up object/PickupobjectS9.avi,train,221,220,20.0,11.0,10.95,20.09090909090909,20.182648401826484,20.0,20.091324200913242,unresolved,,ratios only; equal acquisition coverage and constant PNG spacing are unverified
9,Sit down,Subject.9/Sit down/SitDownS9.avi,train,239,238,20.0,11.9,11.85,20.084033613445378,20.168776371308017,20.0,20.08438818565401,unresolved,,ratios only; equal acquisition coverage and constant PNG spacing are unverified
9,Walk,Subject.9/Walk/WalkS9.avi,train,235,234,20.0,11.7,11.65,20.085470085470085,20.171673819742487,20.0,20.085836909871244,unresolved,,ratios only; equal acquisition coverage and constant PNG spacing are unverified
