sample_index,subject,activity,label,split,source_relative_video_path,expected_frames,decoded_frames,extracted_frames,detected_poses,missing_poses,pose_availability,longest_missing_run_frames,longest_missing_run_seconds,status,source_sha256,npz_path,result_record_path,run_id,source_fps,width,height,npz_sha256,result_sha256
1,8,Fall forward,fall,train,Subject.8/Fall forward/FallForwardS8.avi,122,122,122,0,122,0.0,122,6.1,complete,ac6a716da6471aa7d3f9a0f4cfeda57b32d2245bfa9d326c0bcb5cef1eca13e1,data/interim/caucafall_v5/pose_raw_v1/Subject.8/Fall forward/FallForwardS8.npz,artifacts/pose_extraction/single_video/Subject.8/Fall forward/FallForwardS8.json,d07d252c-5b33-4f79-be7f-73772df46be8,20.0,720,480,df3f675fdcb24dd5d34fcc3172babe49d1718cb837e7b2c0937dde4603fccd68,bfe05fa0fdd7c466eecad09cdedd1c8a0cc66c58dc279386ba62178586ad77a8
2,9,Fall backwards,fall,train,Subject.9/Fall backwards/FallBackwardsS9.avi,252,252,252,252,0,1.0,0,0.0,complete,2f6058978ef5bc097767f612e4945885d86e3d823c9e09574d32664ae37ec3b0,data/interim/caucafall_v5/pose_raw_v1/Subject.9/Fall backwards/FallBackwardsS9.npz,artifacts/pose_extraction/single_video/Subject.9/Fall backwards/FallBackwardsS9.json,db9e4ddf-828e-404b-b5a4-467c96907536,20.0,720,480,5dba0ca610dfb6a29c273d3feb23f0aab7046905ea39b0b5684f5fbbb4bb35f2,4b57cdfe8be8afea44ebc4ce614eebe1348c7b503197018d97de59d737219bf3
3,3,Fall left,fall,train,Subject.3/Fall left/FallLeftS3.avi,171,171,171,147,24,0.8596491228070176,12,0.6,complete,9d8f69b0b8b3e895b32b9661ea4d723186b926632cf5bd74185b8918edd5c7dc,data/interim/caucafall_v5/pose_raw_v1/Subject.3/Fall left/FallLeftS3.npz,artifacts/pose_extraction/single_video/Subject.3/Fall left/FallLeftS3.json,12853a70-0b3e-452c-ab62-c22671e7fff5,20.0,720,480,82628ae969c446a24ea36c94ca172fd306f9109377835e4b371a86306ede6b31,ba231bb210bce780e763c25b6e4f320eccf52274ba39b1252ed407e1a278f542
4,4,Fall right,fall,train,Subject.4/Fall right/FallRightS4.avi,150,150,150,150,0,1.0,0,0.0,complete,3c04bef83794daeed2639b07144e016dec82ac0687e278f1642a549b6c9f9dc4,data/interim/caucafall_v5/pose_raw_v1/Subject.4/Fall right/FallRightS4.npz,artifacts/pose_extraction/single_video/Subject.4/Fall right/FallRightS4.json,e04fcf39-cd21-4811-8f7a-07c72514b362,20.0,720,480,592aa130fd7b1fbf0ba229080bb2037fda42c9db6fdc8855b7f657a3e16aac74,c6834285c1c51854eeb0988b6408b6ccf65abca00c64ff3b5f67152e41705b60
5,5,Fall sitting,fall,validation,Subject.5/Fall sitting/FallSittingS5.avi,229,229,229,224,5,0.9781659388646288,5,0.25,complete,bd2df0f8c185335fa71811d947e5dbbed572c6af4d959d3e9dca59671af47222,data/interim/caucafall_v5/pose_raw_v1/Subject.5/Fall sitting/FallSittingS5.npz,artifacts/pose_extraction/single_video/Subject.5/Fall sitting/FallSittingS5.json,cbab83af-29a0-427c-873f-9800a5a21ba6,20.0,720,480,bc6eb9688ca3c736a63c350e464de65e3963830b67332a714651661c2b63de83,ae6de1503f02e6a418ff0d9b40398449b16e6291c1d2ae7f454455c27f982d08
6,8,Hop,non_fall,train,Subject.8/Hop/HopS8.avi,166,166,166,156,10,0.9397590361445783,10,0.5,complete,c364f028b1bd32a969ac805cfb5607043855d9ea1d387eefbc7e1952eb36abfe,data/interim/caucafall_v5/pose_raw_v1/Subject.8/Hop/HopS8.npz,artifacts/pose_extraction/single_video/Subject.8/Hop/HopS8.json,790e02d0-7303-422d-96d3-7be902d5d621,20.0,720,480,e9638bb18812c1565876abb620398014c962d77f57ba52931c9a22420d235bba,ccf14e898d71321c73764cabc345bddcea9a6d3773cf00714e9898e3fa4a71bc
7,9,Kneel,non_fall,train,Subject.9/Kneel/KneelS9.avi,216,216,216,203,13,0.9398148148148148,7,0.35,complete,56e26721f9866bf514d7f412ef84261cab0690a816695b7ff048f04ae6a874f2,data/interim/caucafall_v5/pose_raw_v1/Subject.9/Kneel/KneelS9.npz,artifacts/pose_extraction/single_video/Subject.9/Kneel/KneelS9.json,e99369b0-f84a-4db5-9c05-6ebba70dbf76,20.0,720,480,f0c077d8ff5d261e85c7c31147d4fd8ff1381c1374b133352de5a367f8171d23,f6bf52ea82652b0691c3ceaeb11cd5c6f4dc488c08a79e9d738bc97d92555688
8,3,Pick up object,non_fall,train,Subject.3/Pick up object/PickupobjectS3.avi,186,186,186,132,54,0.7096774193548387,18,0.9,complete,b33eff62ba3a0d84c7df2c1de51f197d5146ac509a95c63297ba926301105b88,data/interim/caucafall_v5/pose_raw_v1/Subject.3/Pick up object/PickupobjectS3.npz,artifacts/pose_extraction/single_video/Subject.3/Pick up object/PickupobjectS3.json,37f5fc59-9ea0-48fb-8d18-7deb7ee4353b,20.0,720,480,c415141c38fa878e8d9a4da62d868e741066ce3aa31dd94e764466b7b835f102,387c1af2dbe61ca0249ee7bab100cb6a5ae75aead16ab60e9e604be33a81ee3d
9,10,Sit down,non_fall,validation,Subject.10/Sit down/SitDownS10.avi,234,234,234,220,14,0.9401709401709402,4,0.2,complete,7b50d78ea70228e6dd123a467b8d77a38b691c7b8516123ddfce5353d2cb9f32,data/interim/caucafall_v5/pose_raw_v1/Subject.10/Sit down/SitDownS10.npz,artifacts/pose_extraction/single_video/Subject.10/Sit down/SitDownS10.json,14e9ef89-74a6-406d-8f93-f9eb134fb32b,20.0,720,480,c09b9deba773a9056a0d820505f58681da63f09d5b96f1d0a87e97a8cd64066d,1d809b4335f0990280b5e806a3717d0b50fecf1366fbf89832482cb178960501
10,10,Walk,non_fall,validation,Subject.10/Walk/WalkS10.avi,224,224,224,210,14,0.9375,4,0.2,complete,709bd4c4b4f320079d8cbe2e15915c27ba53005cbdc572dbde2bef732e81c5c9,data/interim/caucafall_v5/pose_raw_v1/Subject.10/Walk/WalkS10.npz,artifacts/pose_extraction/single_video/Subject.10/Walk/WalkS10.json,fb65a2f9-3f20-41b2-9c66-e44a2c9ed8fd,20.0,720,480,608d9cd1483b6f120edee6cde769449eba856a5d66049f02479017bbc7ebecc3,1da88c38d19ae3cb375e0b7c72372001658f09d6af3940bb54e456287ce24123
