annotation_unit_id,boundary_type,A01_record_id,A02_record_id,A01_source_file,A02_source_file,A01_status,A02_status,status_exact_match,availability_class,temporal_comparable,non_comparable_reason,event_presence_A01,event_presence_A02,event_presence_match,A01_earliest,A01_preferred,A01_latest,A02_earliest,A02_preferred,A02_latest,preferred_signed_difference_frames,preferred_absolute_difference_frames,preferred_signed_difference_ms,preferred_absolute_difference_ms,preferred_exact_match,A01_interval_width_frames,A02_interval_width_frames,A01_interval_width_ms,A02_interval_width_ms,intersection_width_frames,union_width_frames,interval_overlap_any,interval_exact_match,interval_iou,overlap_coefficient,A01_preferred_in_A02_interval,A02_preferred_in_A01_interval,mutual_preferred_containment,inter_interval_blank_gap_frames,discrepancy_flags
clip-1219a0bbbb10e630,fall_transition_start,ann-009e0bf1bafa4241a5efc408248197de,ann-bd6e94243cfe4b2dbcc883685a792b37,A01/finalized/ann-009e0bf1bafa4241a5efc408248197de.finalized.json,A02/finalized/ann-bd6e94243cfe4b2dbcc883685a792b37.finalized.json,observed,observed,true,both_observed,true,NA,fall_observed,fall_observed,true,93,93,93,90,96,96,3,3,150,150,false,1,7,50,350,1,7,true,false,0.14285714285714285,1.0,true,false,false,NA,PREFERRED_FRAME_MISMATCH
clip-1219a0bbbb10e630,grounded_start,ann-009e0bf1bafa4241a5efc408248197de,ann-bd6e94243cfe4b2dbcc883685a792b37,A01/finalized/ann-009e0bf1bafa4241a5efc408248197de.finalized.json,A02/finalized/ann-bd6e94243cfe4b2dbcc883685a792b37.finalized.json,observed,observed,true,both_observed,true,NA,fall_observed,fall_observed,true,113,113,113,101,112,170,-1,1,-50,50,false,1,70,50,3500,1,70,true,false,0.014285714285714285,1.0,true,false,false,NA,PREFERRED_FRAME_MISMATCH
clip-13bdba5b52e42f31,grounded_start,ann-a3616e31917248fcaff6834259c5f4f3,ann-805559ea89b644c5bb972629be6d7664,A01/finalized/ann-a3616e31917248fcaff6834259c5f4f3.finalized.json,A02/finalized/ann-805559ea89b644c5bb972629be6d7664.finalized.json,observed,observed,true,both_observed,true,NA,fall_observed,fall_observed,true,54,56,58,46,62,149,6,6,300,300,false,5,104,250,5200,5,104,true,false,0.04807692307692308,1.0,true,false,false,NA,PREFERRED_FRAME_MISMATCH
clip-2388955e194c95a8,grounded_start,ann-72b9032631ef47b2b335098f0aa5b58d,ann-a63cf0cca60840dcaad75f01933f7552,A01/finalized/ann-72b9032631ef47b2b335098f0aa5b58d.finalized.json,A02/finalized/ann-a63cf0cca60840dcaad75f01933f7552.finalized.json,observed,observed,true,both_observed,true,NA,fall_observed,fall_observed,true,61,61,61,50,60,251,-1,1,-50,50,false,1,202,50,10100,1,202,true,false,0.0049504950495049506,1.0,true,false,false,NA,PREFERRED_FRAME_MISMATCH
clip-2edc24e4f8f0a714,fall_transition_start,ann-8ac5d9e6436440f889083b8f2cd99fd9,ann-b130a90662494260bae6e37af30637d8,A01/finalized/ann-8ac5d9e6436440f889083b8f2cd99fd9.finalized.json,A02/finalized/ann-b130a90662494260bae6e37af30637d8.finalized.json,observed,observed,true,both_observed,true,NA,fall_observed,fall_observed,true,8,10,12,10,13,19,3,3,150,150,false,5,10,250,500,3,12,true,false,0.25,0.6,true,false,false,NA,PREFERRED_FRAME_MISMATCH
clip-2edc24e4f8f0a714,recovery_start,ann-8ac5d9e6436440f889083b8f2cd99fd9,ann-b130a90662494260bae6e37af30637d8,A01/finalized/ann-8ac5d9e6436440f889083b8f2cd99fd9.finalized.json,A02/finalized/ann-b130a90662494260bae6e37af30637d8.finalized.json,unjudgeable,observed,false,observed_vs_nonobserved,false,A01_NONOBSERVED_ONLY,fall_observed,fall_observed,true,NA,NA,NA,114,124,129,NA,NA,NA,NA,NA,NA,NA,NA,NA,NA,NA,NA,NA,NA,NA,NA,NA,NA,NA,BOUNDARY_STATUS_MISMATCH
clip-2fe2333384c17b31,fall_transition_start,ann-46d8004771cf42f58c895ea533fed7f5,ann-d8c4db9d0f62460b88b6abf57fcee7fe,A01/finalized/ann-46d8004771cf42f58c895ea533fed7f5.finalized.json,A02/finalized/ann-d8c4db9d0f62460b88b6abf57fcee7fe.finalized.json,observed,observed,true,both_observed,true,NA,fall_observed,fall_observed,true,46,53,56,60,63,68,10,10,500,500,false,11,9,550,450,0,20,false,false,0.0,0.0,false,false,false,3,PREFERRED_FRAME_MISMATCH|INTERVAL_DISJOINT
clip-2fe2333384c17b31,grounded_start,ann-46d8004771cf42f58c895ea533fed7f5,ann-d8c4db9d0f62460b88b6abf57fcee7fe,A01/finalized/ann-46d8004771cf42f58c895ea533fed7f5.finalized.json,A02/finalized/ann-d8c4db9d0f62460b88b6abf57fcee7fe.finalized.json,observed,observed,true,both_observed,true,NA,fall_observed,fall_observed,true,87,93,105,89,115,123,22,22,1100,1100,false,19,35,950,1750,17,37,true,false,0.4594594594594595,0.8947368421052632,true,false,false,NA,PREFERRED_FRAME_MISMATCH
clip-506093950302e9b0,fall_transition_start,ann-fe5fa72c77644e689ba807f59d0a1a26,ann-e862ecf3cd4a4ebeb0aa11a51d787b04,A01/finalized/ann-fe5fa72c77644e689ba807f59d0a1a26.finalized.json,A02/finalized/ann-e862ecf3cd4a4ebeb0aa11a51d787b04.finalized.json,observed,observed,true,both_observed,true,NA,fall_observed,fall_observed,true,42,45,46,29,41,46,-4,4,-200,200,false,5,18,250,900,5,18,true,false,0.2777777777777778,1.0,true,false,false,NA,PREFERRED_FRAME_MISMATCH
clip-506093950302e9b0,grounded_start,ann-fe5fa72c77644e689ba807f59d0a1a26,ann-e862ecf3cd4a4ebeb0aa11a51d787b04,A01/finalized/ann-fe5fa72c77644e689ba807f59d0a1a26.finalized.json,A02/finalized/ann-e862ecf3cd4a4ebeb0aa11a51d787b04.finalized.json,observed,observed,true,both_observed,true,NA,fall_observed,fall_observed,true,49,53,55,51,67,124,14,14,700,700,false,7,74,350,3700,5,76,true,false,0.06578947368421052,0.7142857142857143,true,false,false,NA,PREFERRED_FRAME_MISMATCH
clip-aac4d92e41c40966,fall_transition_start,ann-1eb93e7042244ce590ffdeb493613306,ann-58628cf292964738a45265e8fd786791,A01/finalized/ann-1eb93e7042244ce590ffdeb493613306.finalized.json,A02/finalized/ann-58628cf292964738a45265e8fd786791.finalized.json,observed,observed,true,both_observed,true,NA,fall_observed,fall_observed,true,14,15,15,9,11,18,-4,4,-200,200,false,2,10,100,500,2,10,true,false,0.2,1.0,true,false,false,NA,PREFERRED_FRAME_MISMATCH
clip-aac4d92e41c40966,grounded_start,ann-1eb93e7042244ce590ffdeb493613306,ann-58628cf292964738a45265e8fd786791,A01/finalized/ann-1eb93e7042244ce590ffdeb493613306.finalized.json,A02/finalized/ann-58628cf292964738a45265e8fd786791.finalized.json,observed,observed,true,both_observed,true,NA,fall_observed,fall_observed,true,21,23,24,25,34,37,11,11,550,550,false,4,13,200,650,0,17,false,false,0.0,0.0,false,false,false,0,PREFERRED_FRAME_MISMATCH|INTERVAL_DISJOINT
