annotation_unit_id,A01_record_id,A01_source_file,A01_event_presence,A01_fall_transition_start_status,A01_fall_transition_start_earliest_plausible_frame,A01_fall_transition_start_preferred_frame,A01_fall_transition_start_latest_plausible_frame,A01_grounded_start_status,A01_grounded_start_earliest_plausible_frame,A01_grounded_start_preferred_frame,A01_grounded_start_latest_plausible_frame,A01_recovery_start_status,A01_recovery_start_earliest_plausible_frame,A01_recovery_start_preferred_frame,A01_recovery_start_latest_plausible_frame,A02_record_id,A02_source_file,A02_event_presence,A02_fall_transition_start_status,A02_fall_transition_start_earliest_plausible_frame,A02_fall_transition_start_preferred_frame,A02_fall_transition_start_latest_plausible_frame,A02_grounded_start_status,A02_grounded_start_earliest_plausible_frame,A02_grounded_start_preferred_frame,A02_grounded_start_latest_plausible_frame,A02_recovery_start_status,A02_recovery_start_earliest_plausible_frame,A02_recovery_start_preferred_frame,A02_recovery_start_latest_plausible_frame
clip-06e1706333722fd6,ann-3fda3dfcc17148a4be8a26f3c4d12616,A01/finalized/ann-3fda3dfcc17148a4be8a26f3c4d12616.finalized.json,no_fall_observed,not_applicable,NA,NA,NA,not_applicable,NA,NA,NA,not_applicable,NA,NA,NA,ann-70a1236bc3474a7f9ff26b9072032ec9,A02/finalized/ann-70a1236bc3474a7f9ff26b9072032ec9.finalized.json,no_fall_observed,not_applicable,NA,NA,NA,not_applicable,NA,NA,NA,not_applicable,NA,NA,NA
clip-0ef3ecac0ec52ae2,ann-c1270aedb695436b9046dc33143548fc,A01/finalized/ann-c1270aedb695436b9046dc33143548fc.finalized.json,no_fall_observed,not_applicable,NA,NA,NA,not_applicable,NA,NA,NA,not_applicable,NA,NA,NA,ann-1457cb5215e540ff8d3ed8470f83df41,A02/finalized/ann-1457cb5215e540ff8d3ed8470f83df41.finalized.json,no_fall_observed,not_applicable,NA,NA,NA,not_applicable,NA,NA,NA,not_applicable,NA,NA,NA
clip-1219a0bbbb10e630,ann-009e0bf1bafa4241a5efc408248197de,A01/finalized/ann-009e0bf1bafa4241a5efc408248197de.finalized.json,fall_observed,observed,93,93,93,observed,113,113,113,not_observed,NA,NA,NA,ann-bd6e94243cfe4b2dbcc883685a792b37,A02/finalized/ann-bd6e94243cfe4b2dbcc883685a792b37.finalized.json,fall_observed,observed,90,96,96,observed,101,112,170,not_observed,NA,NA,NA
clip-13bdba5b52e42f31,ann-a3616e31917248fcaff6834259c5f4f3,A01/finalized/ann-a3616e31917248fcaff6834259c5f4f3.finalized.json,fall_observed,observed,37,38,41,observed,54,56,58,not_observed,NA,NA,NA,ann-805559ea89b644c5bb972629be6d7664,A02/finalized/ann-805559ea89b644c5bb972629be6d7664.finalized.json,fall_observed,observed,35,38,40,observed,46,62,149,not_observed,NA,NA,NA
clip-2388955e194c95a8,ann-72b9032631ef47b2b335098f0aa5b58d,A01/finalized/ann-72b9032631ef47b2b335098f0aa5b58d.finalized.json,fall_observed,observed,38,38,38,observed,61,61,61,not_observed,NA,NA,NA,ann-a63cf0cca60840dcaad75f01933f7552,A02/finalized/ann-a63cf0cca60840dcaad75f01933f7552.finalized.json,fall_observed,observed,33,38,44,observed,50,60,251,not_observed,NA,NA,NA
clip-2edc24e4f8f0a714,ann-8ac5d9e6436440f889083b8f2cd99fd9,A01/finalized/ann-8ac5d9e6436440f889083b8f2cd99fd9.finalized.json,fall_observed,observed,8,10,12,observed,29,42,42,unjudgeable,NA,NA,NA,ann-b130a90662494260bae6e37af30637d8,A02/finalized/ann-b130a90662494260bae6e37af30637d8.finalized.json,fall_observed,observed,10,13,19,observed,24,42,102,observed,114,124,129
clip-2fe2333384c17b31,ann-46d8004771cf42f58c895ea533fed7f5,A01/finalized/ann-46d8004771cf42f58c895ea533fed7f5.finalized.json,fall_observed,observed,46,53,56,observed,87,93,105,not_observed,NA,NA,NA,ann-d8c4db9d0f62460b88b6abf57fcee7fe,A02/finalized/ann-d8c4db9d0f62460b88b6abf57fcee7fe.finalized.json,fall_observed,observed,60,63,68,observed,89,115,123,not_observed,NA,NA,NA
clip-506093950302e9b0,ann-fe5fa72c77644e689ba807f59d0a1a26,A01/finalized/ann-fe5fa72c77644e689ba807f59d0a1a26.finalized.json,fall_observed,observed,42,45,46,observed,49,53,55,not_observed,NA,NA,NA,ann-e862ecf3cd4a4ebeb0aa11a51d787b04,A02/finalized/ann-e862ecf3cd4a4ebeb0aa11a51d787b04.finalized.json,fall_observed,observed,29,41,46,observed,51,67,124,not_observed,NA,NA,NA
clip-aac4d92e41c40966,ann-1eb93e7042244ce590ffdeb493613306,A01/finalized/ann-1eb93e7042244ce590ffdeb493613306.finalized.json,fall_observed,observed,14,15,15,observed,21,23,24,not_observed,NA,NA,NA,ann-58628cf292964738a45265e8fd786791,A02/finalized/ann-58628cf292964738a45265e8fd786791.finalized.json,fall_observed,observed,9,11,18,observed,25,34,37,not_observed,NA,NA,NA
clip-c078d142aa1f14a5,ann-ca37c836351e4c719eb8bf880018cf01,A01/finalized/ann-ca37c836351e4c719eb8bf880018cf01.finalized.json,no_fall_observed,not_applicable,NA,NA,NA,not_applicable,NA,NA,NA,not_applicable,NA,NA,NA,ann-c610d2679df342c28c780884adbe0aa7,A02/finalized/ann-c610d2679df342c28c780884adbe0aa7.finalized.json,no_fall_observed,not_applicable,NA,NA,NA,not_applicable,NA,NA,NA,not_applicable,NA,NA,NA
clip-dc1bb1ad88263cbc,ann-80c7d9df2c554a31ac35f62211302f93,A01/finalized/ann-80c7d9df2c554a31ac35f62211302f93.finalized.json,no_fall_observed,not_applicable,NA,NA,NA,not_applicable,NA,NA,NA,not_applicable,NA,NA,NA,ann-d7b586bb5c60483cbea3060cf4ebed86,A02/finalized/ann-d7b586bb5c60483cbea3060cf4ebed86.finalized.json,no_fall_observed,not_applicable,NA,NA,NA,not_applicable,NA,NA,NA,not_applicable,NA,NA,NA
clip-dcf816a1b5d3d985,ann-53892ed1f9304596bf02cfaa7951b6c1,A01/finalized/ann-53892ed1f9304596bf02cfaa7951b6c1.finalized.json,no_fall_observed,not_applicable,NA,NA,NA,not_applicable,NA,NA,NA,not_applicable,NA,NA,NA,ann-d1bd756d3ea24638a140ff6c1a56e800,A02/finalized/ann-d1bd756d3ea24638a140ff6c1a56e800.finalized.json,no_fall_observed,not_applicable,NA,NA,NA,not_applicable,NA,NA,NA,not_applicable,NA,NA,NA
