subject_id,activity,source_video_identity,pilot_role,png_frames,pose_detected_frames,pose_missing_frames,pose_availability,image_dimensions_hw,pose_npz_path,pose_npz_sha256
2,Fall backwards,Subject.2/Fall backwards/FallBackwardsS2.avi,required_stress,121,99,22,0.8181818181818182,"[[480,720]]",pose_npz/Subject.2/Fall backwards/FallBackwardsS2.npz,e62f86ce81b5aa26bbaa078bb4547c160968670591bc5c9fbc3b613a1e6cee0d
8,Hop,Subject.8/Hop/HopS8.avi,required_stress,167,106,61,0.6347305389221557,"[[480,720]]",pose_npz/Subject.8/Hop/HopS8.npz,a95ed4510ab3803f240f04ce23f71d2fc72c90e84a4cf4ddf7c0c3b273983f03
8,Pick up object,Subject.8/Pick up object/PickupobjectS8.avi,required_stress,267,28,239,0.10486891385767791,"[[480,720]]",pose_npz/Subject.8/Pick up object/PickupobjectS8.npz,ababdf8058f3874493585467d4eb2d367fcdca5bbd912622ea36b0cdd5bb8cec
9,Walk,Subject.9/Walk/WalkS9.avi,required_stress,235,183,52,0.7787234042553192,"[[480,720]]",pose_npz/Subject.9/Walk/WalkS9.npz,a7b82f7b34595f022ac490315eaf2397733b5d447594d3a37a36cca64d9eca88
4,Fall forward,Subject.4/Fall forward/FallForwardS4.avi,required_stress,169,110,59,0.650887573964497,"[[480,720]]",pose_npz/Subject.4/Fall forward/FallForwardS4.npz,32b3bfe3b9d2a3e245be07300eb650d4c7d9d0e7418121d39d8c3e033c1db3b1
4,Pick up object,Subject.4/Pick up object/PickupobjectS4.avi,required_stress,180,125,55,0.6944444444444444,"[[480,720]]",pose_npz/Subject.4/Pick up object/PickupobjectS4.npz,e48976bf15a422d6962cc61fceb33d54757dc1ab51e067d0c1a3da6a696d884c
9,Fall sitting,Subject.9/Fall sitting/FallSittingS9.avi,required_stress,217,205,12,0.9447004608294931,"[[480,720]]",pose_npz/Subject.9/Fall sitting/FallSittingS9.npz,007ec66c48000e824d48ace479a836da840dbf2e2646b3a47de4d578000d44ee
8,Fall forward,Subject.8/Fall forward/FallForwardS8.avi,required_stress,123,0,123,0.0,"[[480,720]]",pose_npz/Subject.8/Fall forward/FallForwardS8.npz,5031ab06a25cac4079f27a9fba46ca751f2b9b9b9b42a4d43f4533185bfffe21
1,Fall backwards,Subject.1/Fall backwards/FallBackwardsS1.avi,clean_fall_control,126,114,12,0.9047619047619048,"[[480,720]]",pose_npz/Subject.1/Fall backwards/FallBackwardsS1.npz,999974dd51e5d3f3df7636a94852b44c8d1ab5db41324d42166caadabe7f65c2
1,Hop,Subject.1/Hop/HopS1.avi,clean_non_fall_control,183,181,2,0.9890710382513661,"[[480,720]]",pose_npz/Subject.1/Hop/HopS1.npz,e20b0fe32bf9a7c2296d23eded356fe76473104c5108c45111840c4ecd73608a
